date,side,entry_time_et,entry_fill,exit_time_et,exit_fill,exit_reason,pnl_1_contract
2024-10-21,long,09:30,20428.0,09:35,20482.5,target,107.76
2024-10-29,short,09:30,20510.75,09:35,20442.75,target,134.76
2024-10-30,long,09:30,20662.0,09:40,20550.28,stop,-224.69
2024-11-01,short,09:30,20068.25,10:05,20185.61,stop,-235.95
2024-11-04,long,09:30,20120.5,10:00,20146.75,target,51.26
2024-11-05,short,09:30,20152.0,09:50,20265.19,stop,-227.62
2024-11-08,long,09:30,21186.5,09:35,21221.5,target,68.76
2024-11-11,short,09:30,21282.25,09:40,21234.0,target,95.26
2024-11-12,long,09:30,21214.75,09:35,21220.0,target,9.26
2024-11-13,long,09:30,21159.0,12:05,21185.25,target,51.26
2024-11-14,long,09:30,21137.75,09:35,21162.25,target,47.76
2024-11-18,short,09:30,20556.75,10:30,20676.71,stop,-241.17
2024-11-20,long,09:30,20753.25,09:50,20632.95,stop,-241.85
2024-11-22,long,09:30,20790.75,09:35,20826.0,target,69.26
2024-11-26,short,09:30,20938.5,16:00,20989.75,close,-103.74
2024-11-27,long,09:30,20936.5,10:10,20818.42,stop,-237.4
2024-12-03,long,09:30,21158.25,10:00,21217.0,target,116.26
2024-12-05,long,09:30,21535.5,09:35,21540.25,target,8.26
2024-12-06,short,09:30,21490.75,09:50,21607.56,stop,-234.87
2024-12-09,long,09:30,21615.25,11:00,21499.12,stop,-233.51
2024-12-10,short,09:30,21532.5,11:05,21485.75,target,92.26
2024-12-18,long,09:30,22280.75,10:20,22315.25,target,67.76
2024-12-23,short,09:30,21619.0,09:50,21567.5,target,101.76
2024-12-31,short,09:30,21455.75,09:35,21412.0,target,86.26
2025-01-07,short,09:30,21791.5,09:35,21749.5,target,82.76
2025-01-08,long,09:30,21356.0,09:35,21371.5,target,29.76
2025-01-24,short,09:30,22044.0,09:35,22018.75,target,49.26
2025-01-28,short,09:30,21302.25,09:35,21258.5,target,86.26
2025-01-29,short,09:30,21599.5,09:35,21538.0,target,121.76
2025-02-04,short,09:30,21421.5,09:55,21574.0,stop,-306.24
2025-02-06,short,09:30,21776.5,09:35,21761.5,target,28.76
2025-02-07,short,09:30,21885.25,10:00,21870.75,target,27.76
2025-02-14,long,09:30,22108.75,09:35,22113.0,target,7.26
2025-02-18,short,09:30,22257.5,09:45,22194.25,target,125.26
2025-02-19,long,09:30,22207.75,11:45,22238.75,target,60.76
2025-02-20,long,09:30,22210.25,09:50,22079.44,stop,-262.87
2025-02-21,short,09:30,22186.25,09:35,22145.25,target,80.76
2025-02-24,short,09:30,21752.75,09:45,21682.0,target,140.26
2025-02-25,long,09:30,21391.5,09:50,21253.62,stop,-277.01
2025-02-28,long,09:30,20591.0,09:40,20608.5,target,33.76
2025-03-05,short,09:30,20421.0,09:35,20397.25,target,46.26
2025-03-07,long,09:30,20037.5,09:35,20101.25,target,126.26
2025-03-11,long,09:30,19420.25,09:35,19464.0,target,86.26
2025-03-13,long,09:30,19574.25,11:35,19308.3,stop,-533.13
2025-03-17,long,09:30,19703.0,09:35,19757.75,target,108.26
2025-03-18,long,09:30,19898.5,10:00,19642.11,stop,-514.03
2025-03-19,short,09:30,19788.0,09:40,19706.5,target,161.76
2025-03-25,short,09:30,20401.25,09:45,20366.0,target,69.26
2025-03-26,long,09:30,20439.5,10:20,20248.19,stop,-383.87
2025-03-27,long,09:30,20029.0,10:25,20112.5,target,165.76
2025-03-28,long,09:30,19911.25,10:10,19731.95,stop,-359.85
2025-04-01,long,09:30,19380.75,09:45,19450.25,target,137.76
2025-04-09,long,09:30,17208.0,09:35,17276.25,target,135.26
2025-04-11,long,09:30,18415.25,09:35,18483.25,target,134.76
2025-04-15,short,09:30,18986.75,10:20,18941.0,target,90.26
2025-04-17,short,09:30,18498.25,09:35,18387.5,target,220.26
2025-04-22,short,09:30,18152.0,16:00,18380.0,close,-457.24
2025-04-24,short,09:30,18875.25,12:35,19265.71,stop,-782.17
2025-04-25,long,09:30,19302.5,09:35,19326.5,target,46.76
2025-04-28,short,09:30,19548.0,09:35,19497.0,target,100.76
2025-04-29,long,09:30,19427.5,09:45,19524.0,target,191.76
2025-05-07,short,09:30,19899.5,09:35,19875.75,target,46.26
2025-05-09,short,09:30,20226.75,10:25,20152.75,target,146.76
2025-05-13,short,09:30,21004.0,10:05,21174.2,stop,-341.63
2025-05-14,short,09:30,21314.5,16:00,21397.0,close,-166.24
2025-05-16,short,09:30,21467.25,09:35,21419.25,target,94.76
2025-05-22,short,09:30,21170.75,09:35,21124.0,target,92.26
2025-05-28,short,09:30,21504.5,09:55,21465.75,target,76.26
2025-05-30,long,09:30,21383.0,09:50,21244.77,stop,-277.7
2025-06-02,long,09:30,21288.25,09:35,21406.0,target,234.26
2025-06-03,short,09:30,21546.0,09:35,21532.0,target,26.76
2025-06-04,short,09:30,21725.75,10:00,21704.0,target,42.26
2025-06-05,short,09:30,21812.0,09:35,21757.5,target,107.76
2025-06-09,short,09:30,21797.75,09:35,21778.75,target,36.76
2025-06-10,short,09:30,21836.25,11:30,21818.25,target,34.76
2025-06-11,short,09:30,22016.75,09:35,21964.5,target,103.26
2025-06-12,long,09:30,21829.5,09:45,21887.75,target,115.26
2025-06-18,short,09:30,21992.25,09:35,21930.5,target,122.26
2025-06-23,short,09:30,21869.0,09:35,21784.75,target,167.26
2025-06-27,short,09:30,22707.0,10:10,22821.08,stop,-229.4
2025-07-02,long,09:30,22654.5,09:35,22693.0,target,75.76
2025-07-08,short,09:30,22934.75,09:55,22883.75,target,100.76
2025-07-10,short,09:30,23072.0,09:35,23032.5,target,77.76
2025-07-14,long,09:30,22943.0,09:35,22955.25,target,23.26
2025-07-16,short,09:30,23074.25,09:35,23026.25,target,94.76
2025-07-17,short,09:30,23100.0,09:35,23074.5,target,49.76
2025-07-18,short,09:30,23300.75,09:35,23257.75,target,84.76
2025-07-21,short,09:30,23256.0,09:45,23353.24,stop,-195.72
2025-07-22,short,09:30,23345.75,09:35,23289.25,target,111.76
2025-07-23,short,09:30,23261.25,09:35,23219.5,target,82.26
2025-07-24,short,09:30,23373.75,10:10,23324.5,target,97.26
2025-07-25,long,09:30,23360.75,09:35,23376.5,target,30.26
2025-07-28,short,09:30,23472.75,16:00,23492.0,close,-39.74
2025-07-30,short,09:30,23487.0,14:35,23578.55,stop,-184.35
2025-08-05,short,09:30,23348.5,10:15,23297.0,target,101.76
2025-08-06,short,09:30,23168.5,10:05,23277.26,stop,-218.76
2025-08-08,short,09:30,23541.5,10:05,23660.33,stop,-238.9
2025-08-11,short,09:30,23715.5,09:35,23687.0,target,55.76
2025-08-15,long,09:30,23909.5,09:45,23782.96,stop,-254.33
2025-08-18,long,09:30,23769.0,09:35,23815.75,target,92.26
2025-08-19,long,09:30,23762.75,10:25,23637.61,stop,-251.53
2025-08-20,long,09:30,23426.0,09:45,23296.9,stop,-259.44
2025-08-21,long,09:30,23260.5,10:25,23325.0,target,127.76
2025-08-22,short,09:30,23264.5,10:00,23389.02,stop,-250.28
2025-08-25,long,09:30,23496.25,10:35,23565.0,target,136.26
2025-08-26,long,09:30,23470.5,09:35,23501.5,target,60.76
2025-08-27,long,09:30,23541.75,10:15,23587.0,target,89.26
2025-08-28,short,09:30,23640.25,09:50,23620.25,target,38.76
2025-09-04,short,09:30,23480.0,10:00,23452.0,target,54.76
2025-09-09,short,09:30,23834.75,09:55,23803.5,target,61.26
2025-09-12,short,09:30,24040.25,09:35,24011.75,target,55.76
2025-09-16,short,09:30,24588.0,09:40,24553.0,target,68.76
2025-09-17,long,09:30,24521.25,10:45,24419.04,stop,-205.67
2025-09-22,long,09:30,24815.5,09:45,24860.25,target,88.26
2025-09-23,short,09:30,25000.75,09:35,24991.5,target,17.26
2025-09-24,short,09:30,24884.75,09:35,24831.25,target,105.76
2025-09-26,short,09:30,24654.0,10:05,24632.0,target,42.76
2025-09-30,long,09:30,24820.75,10:45,24837.25,target,31.76
2025-10-03,short,09:30,25133.25,09:55,25109.25,target,46.76
2025-10-07,short,09:30,25237.0,10:50,25184.0,target,104.76
2025-10-08,short,09:30,25080.0,10:00,25192.65,stop,-226.54
2025-10-09,long,09:30,25329.25,10:35,25214.69,stop,-230.37
2025-10-10,short,09:30,25313.0,10:55,25294.75,target,35.26
2025-10-17,long,09:30,24735.75,09:50,24830.75,target,188.76
2025-10-21,short,09:30,25300.75,09:35,25281.0,target,38.26
2025-10-22,long,09:30,25265.5,10:30,25093.23,stop,-345.78
2025-10-23,long,09:30,25016.5,09:35,25040.75,target,47.26
2025-10-28,short,09:30,26051.25,16:00,26160.5,close,-219.74
2025-10-29,short,09:30,26265.75,14:35,26160.25,target,209.76
2025-11-05,long,09:30,25542.5,09:45,25579.0,target,71.76
2025-11-06,long,09:30,25674.0,09:55,25531.42,stop,-286.4
2025-11-17,long,09:30,24998.25,09:35,25106.0,target,214.26
2025-11-19,short,09:30,24610.5,09:50,24808.09,stop,-396.42
2025-11-21,short,09:30,24202.5,09:45,24137.25,target,129.26
2025-11-25,long,09:30,24857.0,12:05,24935.5,target,155.76
2025-11-26,short,09:30,25221.75,16:00,25296.25,close,-150.24
2025-12-01,long,09:30,25255.0,09:35,25299.25,target,87.26
2025-12-02,short,09:30,25492.0,16:00,25600.25,close,-217.74
2025-12-03,long,09:30,25495.25,10:35,25600.0,target,208.26
2025-12-04,short,09:30,25711.5,09:35,25567.5,target,286.76
2025-12-05,short,09:30,25679.5,16:00,25726.25,close,-94.74
2025-12-08,short,09:30,25791.25,09:45,25726.0,target,129.26
2025-12-09,long,09:30,25619.0,10:00,25668.25,target,97.26
2025-12-10,long,09:30,25647.5,14:00,25703.0,target,109.76
2025-12-17,short,09:30,25422.0,09:35,25372.75,target,97.26
2025-12-23,long,09:30,25644.5,09:35,25705.5,target,120.76
2025-12-26,short,09:30,25899.0,16:00,25867.0,close,62.76
2025-12-30,long,09:30,25692.75,09:50,25741.25,target,95.76
2025-12-31,short,09:30,25678.75,09:35,25665.75,target,24.76
2026-01-06,short,09:30,25635.75,10:25,25776.22,stop,-282.19
2026-01-07,long,09:30,25790.75,09:35,25822.0,target,61.26
2026-01-08,long,09:30,25786.5,09:40,25661.1,stop,-252.04
2026-01-09,short,09:30,25714.25,09:35,25675.5,target,76.26
2026-01-13,long,09:30,25950.5,09:35,25984.0,target,65.76
2026-01-21,short,09:30,25196.25,09:35,25142.5,target,106.26
2026-01-23,long,09:30,25607.25,09:55,25661.5,target,107.26
2026-01-26,short,09:30,25748.25,10:50,25892.3,stop,-289.35
2026-01-29,long,09:30,26133.5,09:40,25989.29,stop,-289.67
2026-02-03,short,09:30,25934.25,09:35,25856.5,target,154.26
2026-02-04,long,09:30,25385.25,09:55,25204.07,stop,-363.6
2026-02-09,long,09:30,25058.0,09:40,25146.5,target,175.76
2026-02-10,short,09:30,25376.0,09:35,25338.25,target,74.26
2026-02-12,short,09:30,25346.5,09:45,25278.25,target,135.26
2026-02-13,long,09:30,24743.0,09:45,24764.0,target,40.76
2026-02-18,short,09:30,24808.5,09:35,24768.5,target,78.76
2026-02-19,long,09:30,24834.25,11:20,24957.5,target,245.26
2026-02-23,long,09:30,24981.5,10:55,24752.54,stop,-459.15
2026-02-24,short,09:30,24804.5,09:35,24738.75,target,130.26
2026-02-26,long,09:30,25341.5,10:00,25139.21,stop,-405.81
2026-03-04,short,09:30,24852.5,10:20,25057.03,stop,-410.29
2026-03-11,short,09:30,25034.75,10:25,24985.75,target,96.76
2026-03-13,short,09:30,24645.25,10:45,24555.75,target,177.76
2026-03-17,short,09:30,25000.5,16:00,25010.25,close,-20.74
2026-03-18,long,09:30,24929.25,15:00,24739.34,stop,-381.06
2026-03-20,long,09:30,24488.0,09:55,24297.92,stop,-381.4
2026-04-06,short,09:30,24264.75,13:10,24221.25,target,85.76
2026-04-09,short,09:30,25080.75,09:35,25027.5,target,105.26
2026-04-10,short,09:30,25314.75,11:55,25248.75,target,130.76
2026-04-13,long,09:30,25215.75,09:50,25284.25,target,135.76
2026-04-15,short,09:30,26022.75,09:40,26001.0,target,42.26
2026-04-16,short,09:30,26438.75,09:35,26364.0,target,148.26
2026-04-20,long,09:30,26796.5,11:00,26611.35,stop,-371.54
2026-04-21,short,09:30,26808.0,09:35,26745.25,target,124.26
2026-04-23,long,09:30,27015.25,09:45,27080.0,target,128.26
2026-04-27,long,09:30,27410.25,13:30,27433.5,target,45.26
2026-04-29,short,09:30,27206.5,09:35,27147.5,target,116.76
2026-05-01,short,09:30,27632.25,09:40,27790.74,stop,-318.22
2026-05-04,short,09:30,27853.75,09:35,27827.75,target,50.76
2026-05-07,short,09:30,28750.0,09:45,28710.5,target,77.76
2026-05-11,long,09:30,29305.25,09:35,29425.75,target,239.76
2026-05-14,short,09:30,29476.0,09:45,29647.35,stop,-343.94
2026-05-18,short,09:30,29338.25,09:40,29230.75,target,213.76
2026-05-27,short,09:30,30187.25,09:35,30079.5,target,214.26
2026-05-28,short,09:30,30053.5,09:35,30009.5,target,86.76
2026-05-29,short,09:30,30382.75,10:40,30306.0,target,152.26
2026-06-01,long,09:30,30343.25,09:35,30397.25,target,106.76
2026-06-02,long,09:30,30557.0,09:50,30571.25,target,27.26
2026-06-03,short,09:30,30754.5,09:35,30707.25,target,93.26
2026-06-12,short,09:30,29495.0,09:35,29341.25,target,306.26
2026-06-16,long,09:30,30812.25,09:45,30871.75,target,117.76
2026-06-22,short,09:30,30822.25,10:30,30693.0,target,257.26
2026-06-24,short,09:30,29711.25,09:40,29650.25,target,120.76
2026-06-30,short,09:30,30047.0,10:00,30390.07,stop,-687.38
2026-07-02,long,09:30,30075.25,09:35,30134.0,target,116.26
2026-07-10,long,09:30,29836.5,09:45,29948.25,target,222.26
2026-07-24,long,09:30,28540.25,09:35,28614.75,target,147.76
2026-07-29,long,09:30,27915.25,09:35,27956.5,target,81.26
2026-08-03,short,09:30,28417.25,09:35,28381.0,target,71.26
2026-08-05,short,09:30,29974.5,10:30,29875.25,target,197.26
2026-08-10,long,09:30,29805.75,10:05,29833.5,target,54.26
2026-08-11,short,09:30,29839.0,09:35,29736.75,target,203.26
2026-08-13,short,09:30,29911.0,09:50,30153.46,stop,-486.17
2026-08-14,short,09:30,30241.5,09:35,30194.75,target,92.26
2026-08-17,short,09:30,30218.5,13:10,30144.5,target,146.76
2026-08-19,short,09:30,29695.75,09:40,29586.25,target,217.76
2026-08-28,long,09:30,29628.75,09:40,29691.5,target,124.26
2026-08-31,long,09:30,29438.25,15:50,29496.0,target,114.26
2026-09-02,long,09:30,29098.5,10:10,29126.25,target,54.26
2026-09-03,short,09:30,29249.25,11:00,29383.86,stop,-270.45
2026-09-04,short,09:30,29588.75,10:40,29531.0,target,114.26
2026-09-08,short,09:30,29644.75,09:35,29568.25,target,151.76
2026-09-15,long,09:30,29421.25,09:45,29449.0,target,54.26
2026-09-18,short,09:30,29814.5,10:00,29744.75,target,138.26
2026-09-22,long,09:30,30764.75,09:35,30865.25,target,199.76
2026-09-23,long,09:30,31006.5,09:50,30848.41,stop,-317.42
2026-09-25,short,09:30,30819.25,10:05,30756.5,target,124.26
