date,side,entry_time_et,entry_fill,exit_time_et,exit_fill,pnl_1_contract
2024-10-21,short,11:30,5867.25,12:00,5883.0,-79.99
2024-10-23,short,11:30,5846.0,12:00,5856.25,-52.49
2024-10-23,short,12:30,5838.5,16:00,5837.5,3.76
2024-10-25,long,10:00,5889.0,11:30,5880.0,-46.24
2024-10-31,short,10:00,5788.0,16:00,5736.0,258.76
2024-11-01,long,10:00,5779.75,13:00,5776.75,-16.24
2024-11-01,long,13:30,5784.5,14:00,5763.0,-108.74
2024-11-04,short,12:00,5734.0,12:30,5746.0,-61.24
2024-11-05,long,10:00,5786.75,16:00,5812.75,128.76
2024-11-07,long,11:00,5994.75,11:30,5992.0,-14.99
2024-11-07,long,12:00,5998.0,13:30,5994.5,-18.74
2024-11-07,long,15:00,6007.0,16:00,6002.25,-24.99
2024-11-08,long,13:00,6025.0,15:30,6026.25,5.01
2024-11-12,short,12:00,6007.75,14:00,6017.75,-51.24
2024-11-14,short,12:30,5989.75,16:00,5977.25,61.26
2024-11-15,short,10:30,5907.25,16:00,5897.25,48.76
2024-11-18,long,11:00,5920.25,12:00,5920.5,0.01
2024-11-19,long,14:00,5946.0,14:30,5937.5,-43.74
2024-11-20,short,10:00,5908.25,12:00,5918.0,-49.99
2024-11-20,short,12:30,5906.25,15:30,5919.25,-66.24
2024-11-21,short,10:30,5909.75,11:00,5950.75,-206.24
2024-11-22,long,10:00,5991.75,10:30,5968.25,-118.74
2024-11-22,long,11:00,5989.75,11:30,5977.25,-63.74
2024-11-27,short,11:30,6012.25,13:00,6012.0,0.01
2024-12-06,long,10:00,6110.0,10:30,6108.75,-7.49
2024-12-09,short,11:00,6072.5,14:00,6079.0,-33.74
2024-12-09,short,14:30,6072.25,16:00,6066.25,28.76
2024-12-10,short,15:30,6045.5,16:00,6047.75,-12.49
2024-12-11,long,11:30,6093.0,16:00,6092.5,-3.74
2024-12-12,short,14:30,6064.75,16:00,6060.25,21.26
2024-12-13,short,11:00,6047.75,12:00,6051.5,-19.99
2024-12-13,short,12:30,6045.5,13:30,6053.0,-38.74
2024-12-16,long,13:30,6090.0,15:30,6088.25,-9.99
2024-12-17,short,10:30,6117.25,11:00,6125.75,-43.74
2024-12-18,long,10:30,6137.25,13:00,6137.75,1.26
2024-12-18,short,14:30,6079.75,16:00,5939.25,701.26
2024-12-20,long,10:30,5959.75,16:00,6002.0,210.01
2024-12-23,short,10:00,5992.75,11:30,5995.0,-12.49
2024-12-23,long,13:30,6023.25,15:00,6019.0,-22.49
2024-12-26,long,12:00,6100.75,12:30,6097.25,-18.74
2024-12-26,long,13:30,6099.75,14:00,6095.25,-23.74
2024-12-27,short,10:00,6044.5,15:00,6031.0,66.26
2024-12-27,short,15:30,6014.25,16:00,6028.75,-73.74
2024-12-30,short,10:00,5927.0,11:00,5945.5,-93.74
2024-12-31,short,13:30,5922.75,15:00,5937.25,-73.74
2025-01-02,long,10:00,5975.0,10:30,5950.5,-123.74
2025-01-02,short,13:00,5898.75,15:30,5916.25,-88.74
2025-01-03,long,11:30,5967.0,12:30,5972.0,23.76
2025-01-03,long,13:30,5986.25,16:00,5988.0,7.51
2025-01-06,long,10:00,6049.5,12:30,6055.75,30.01
2025-01-07,short,11:30,5997.75,13:30,5989.75,38.76
2025-01-07,short,14:00,5976.75,16:00,5955.25,106.26
2025-01-08,short,10:00,5939.5,11:00,5950.25,-54.99
2025-01-10,short,10:00,5890.0,13:30,5894.0,-21.24
2025-01-10,short,15:30,5864.25,16:00,5867.0,-14.99
2025-01-15,long,10:00,5981.25,10:30,5985.25,18.76
2025-01-28,long,10:30,6076.25,11:30,6065.0,-57.49
2025-01-28,long,13:00,6090.25,16:00,6096.0,27.51
2025-01-29,short,14:30,6044.0,15:00,6073.75,-149.99
2025-01-31,long,11:00,6142.75,11:30,6139.0,-19.99
2025-01-31,short,15:30,6064.0,16:00,6065.25,-7.49
2025-02-04,long,10:30,6051.25,12:30,6043.0,-42.49
2025-02-04,long,13:00,6055.75,15:30,6055.75,-1.24
2025-02-07,short,10:30,6086.5,16:00,6049.5,183.76
2025-02-20,short,10:00,6116.75,14:30,6124.75,-41.24
2025-02-21,short,10:00,6115.0,16:00,6030.75,420.01
2025-02-24,short,10:00,6017.0,11:30,6030.75,-69.99
2025-02-25,short,10:00,5980.75,13:00,5976.75,18.76
2025-02-25,short,13:30,5965.25,14:00,5976.0,-54.99
2025-02-25,short,14:30,5959.0,15:00,5981.5,-113.74
2025-02-26,long,10:00,6005.0,12:00,6007.75,12.51
2025-02-26,long,12:30,6014.0,13:00,5983.5,-153.74
2025-02-27,short,10:00,5950.75,10:30,5981.5,-154.99
2025-02-27,short,14:30,5933.75,16:00,5877.75,278.76
2025-02-28,long,10:30,5907.5,11:30,5884.25,-117.49
2025-02-28,long,15:30,5920.0,16:00,5964.0,218.76
2025-03-03,short,13:30,5903.75,16:00,5863.25,201.26
2025-03-04,short,10:00,5778.75,12:30,5800.25,-108.74
2025-03-04,short,13:00,5786.5,13:30,5797.0,-53.74
2025-03-05,long,13:00,5828.25,13:30,5812.5,-79.99
2025-03-05,long,14:00,5835.25,16:00,5850.75,76.26
2025-03-06,short,12:30,5744.25,13:00,5749.0,-24.99
2025-03-06,short,13:30,5744.0,15:30,5749.5,-28.74
2025-03-07,short,11:30,5693.25,13:00,5718.75,-128.74
2025-03-10,short,11:00,5654.75,11:30,5667.5,-64.99
2025-03-10,short,12:00,5653.5,16:00,5623.75,147.51
2025-03-11,short,10:30,5574.0,11:30,5586.0,-61.24
2025-03-11,short,12:30,5572.75,14:30,5599.25,-133.74
2025-03-13,short,10:00,5563.0,10:30,5584.25,-107.49
2025-03-13,short,11:30,5555.25,15:00,5552.0,15.01
2025-03-13,short,15:30,5527.0,16:00,5528.5,-8.74
2025-03-14,long,10:00,5595.5,10:30,5580.25,-77.49
2025-03-14,long,11:00,5613.75,16:00,5637.5,117.51
2025-03-17,long,10:00,5667.25,10:30,5656.25,-56.24
2025-03-17,long,14:00,5681.5,16:00,5680.25,-7.49
2025-03-18,short,10:00,5668.25,14:00,5668.75,-3.74
2025-03-18,short,14:30,5664.75,15:00,5674.25,-48.74
2025-03-19,long,15:00,5742.75,15:30,5732.0,-54.99
2025-03-26,short,12:00,5778.0,16:00,5758.5,96.26
2025-03-28,short,10:30,5663.0,16:00,5625.0,188.76
2025-04-01,short,10:30,5614.75,11:00,5661.75,-236.24
2025-04-02,long,13:00,5722.0,14:00,5705.25,-84.99
2025-04-03,short,11:00,5460.75,12:00,5495.5,-174.99
2025-04-03,short,14:30,5467.25,15:00,5478.25,-56.24
2025-04-03,short,15:30,5449.5,16:00,5436.5,63.76
2025-04-04,short,10:30,5216.5,16:00,5109.0,536.26
2025-04-08,short,15:30,5025.25,16:00,5018.0,35.01
2025-04-09,long,10:00,5048.5,10:30,5039.75,-44.99
2025-04-09,long,13:30,5294.0,16:00,5489.5,976.26
2025-04-10,short,10:00,5343.0,14:00,5295.75,235.01
2025-04-11,long,13:00,5370.25,13:30,5350.25,-101.24
2025-04-11,long,14:00,5399.5,14:30,5384.25,-77.49
2025-04-21,short,10:00,5220.25,15:30,5147.5,362.51
2025-04-22,long,11:00,5292.25,13:30,5270.75,-108.74
2025-04-23,long,10:00,5482.5,10:30,5485.25,12.51
2025-04-24,long,10:30,5467.75,13:30,5495.5,137.51
2025-04-30,short,10:00,5459.5,10:30,5504.0,-223.74
2025-05-01,long,11:00,5675.25,11:30,5674.0,-7.49
2025-05-08,long,12:00,5721.5,12:30,5725.25,17.51
2025-05-08,long,13:00,5739.0,14:00,5713.75,-127.49
2025-05-13,long,10:30,5904.25,16:00,5903.5,-4.99
2025-05-15,long,13:00,5936.75,14:30,5929.0,-39.99
2025-05-21,short,13:30,5876.25,16:00,5859.5,82.51
2025-05-22,long,10:00,5870.75,10:30,5857.0,-69.99
2025-05-22,long,14:00,5883.25,14:30,5884.5,5.01
2025-05-22,long,15:30,5894.25,16:00,5858.25,-181.24
2025-05-27,long,10:30,5904.0,16:00,5935.75,157.51
2025-05-28,short,11:00,5917.25,11:30,5918.25,-6.24
2025-05-30,short,10:00,5891.5,10:30,5917.25,-129.99
2025-05-30,short,12:30,5871.5,13:30,5880.25,-44.99
2025-05-30,short,14:00,5879.5,14:30,5904.25,-124.99
2025-06-03,long,11:00,5964.25,15:30,5982.5,90.01
2025-06-05,short,10:00,5961.25,10:30,5980.5,-97.49
2025-06-05,short,15:30,5942.5,16:00,5948.25,-29.99
2025-06-06,long,10:00,6020.0,10:30,6007.75,-62.49
2025-06-12,long,11:00,6040.5,11:30,6037.75,-14.99
2025-06-13,short,10:30,5978.5,11:00,6002.75,-122.49
2025-06-16,long,10:00,6094.5,14:00,6086.75,-39.99
2025-06-17,short,14:00,6042.75,15:00,6044.5,-9.99
2025-06-18,long,10:30,6069.25,12:00,6058.5,-54.99
2025-06-20,short,11:00,6018.75,11:30,6026.75,-41.24
2025-06-20,short,13:30,6010.5,14:30,6024.5,-71.24
2025-06-20,short,15:00,6011.0,16:00,6017.25,-32.49
2025-06-23,long,10:00,6041.75,12:00,6033.5,-42.49
2025-06-23,long,13:30,6053.25,16:00,6076.5,115.01
2025-06-24,long,11:30,6134.25,16:00,6143.75,46.26
2025-06-26,long,11:00,6180.0,11:30,6176.5,-18.74
2025-06-26,long,12:00,6181.5,15:30,6192.25,52.51
2025-06-27,long,10:00,6218.75,14:00,6216.25,-13.74
2025-07-02,long,13:00,6268.25,13:30,6266.5,-9.99
2025-07-07,short,14:30,6247.0,15:00,6269.75,-114.99
2025-07-09,long,10:00,6310.25,10:30,6301.0,-47.49
2025-07-10,long,12:00,6323.75,12:30,6321.75,-11.24
2025-07-10,long,13:30,6327.5,15:00,6329.0,6.26
2025-07-15,short,13:00,6293.75,13:30,6300.75,-36.24
2025-07-17,long,10:00,6319.0,16:00,6342.0,113.76
2025-07-21,long,10:00,6364.75,15:00,6361.5,-17.49
2025-07-22,short,10:00,6325.75,11:00,6337.25,-58.74
2025-07-25,long,12:30,6422.75,16:00,6425.5,12.51
2025-07-29,short,11:30,6405.75,12:00,6412.25,-33.74
2025-07-29,short,15:30,6403.5,16:00,6406.5,-16.24
2025-07-30,short,15:00,6380.0,16:00,6397.75,-89.99
2025-08-01,short,10:00,6262.0,16:00,6264.0,-11.24
2025-08-04,long,10:00,6337.25,16:00,6356.75,96.26
2025-08-05,short,11:00,6324.0,13:30,6342.75,-94.99
2025-08-05,short,14:30,6332.0,15:30,6335.5,-18.74
2025-08-06,long,11:30,6364.5,16:00,6371.5,33.76
2025-08-07,short,13:30,6343.0,14:00,6351.0,-41.24
2025-08-07,short,14:30,6342.25,15:00,6349.0,-34.99
2025-08-08,long,10:00,6401.25,11:00,6400.0,-7.49
2025-08-08,long,12:00,6406.0,13:30,6406.0,-1.24
2025-08-08,long,14:00,6414.75,16:00,6413.5,-7.49
2025-08-12,long,12:00,6453.75,16:00,6467.25,66.26
2025-08-15,short,10:00,6476.75,10:30,6478.75,-11.24
2025-08-19,short,12:00,6442.0,16:00,6433.0,43.76
2025-08-20,short,10:00,6387.25,12:30,6408.0,-104.99
2025-08-20,short,13:00,6396.5,13:30,6399.5,-16.24
2025-08-20,short,14:30,6391.5,15:00,6400.5,-46.24
2025-08-22,long,10:30,6472.25,16:00,6483.0,52.51
2025-08-29,short,10:00,6479.75,16:00,6475.75,18.76
2025-09-02,short,12:00,6374.5,12:30,6379.0,-23.74
2025-09-04,long,11:30,6483.75,12:00,6483.0,-4.99
2025-09-04,long,13:30,6490.25,16:00,6510.75,101.26
2025-09-05,short,10:30,6484.0,15:30,6490.25,-32.49
2025-09-11,long,10:00,6572.0,16:00,6592.0,98.76
2025-09-15,long,10:00,6619.5,10:30,6619.5,-1.24
2025-09-17,short,13:00,6651.5,13:30,6655.5,-21.24
2025-09-17,short,15:00,6645.5,15:30,6671.25,-129.99
2025-09-18,long,10:30,6712.75,11:00,6695.5,-87.49
2025-09-18,long,13:00,6709.25,13:30,6701.5,-39.99
2025-09-22,long,12:30,6742.75,16:00,6751.25,41.26
2025-09-23,short,13:00,6734.0,16:00,6716.0,88.76
2025-09-24,short,12:00,6685.5,15:00,6693.5,-41.24
2025-09-24,short,15:30,6690.0,16:00,6692.5,-13.74
2025-09-25,short,10:00,6636.5,10:30,6666.0,-148.74
2025-09-25,short,14:00,6636.25,14:30,6650.5,-72.49
2025-09-26,long,10:00,6696.75,10:30,6666.0,-154.99
2025-09-26,long,13:00,6692.5,16:00,6696.0,16.26
2025-10-01,long,13:30,6755.25,14:00,6754.5,-4.99
2025-10-01,long,14:30,6763.5,16:00,6760.25,-17.49
2025-10-03,long,10:30,6786.75,13:30,6775.75,-56.24
2025-10-07,short,11:30,6763.25,16:00,6763.0,0.01
2025-10-08,long,10:30,6790.25,15:00,6793.0,12.51
2025-10-08,long,15:30,6800.0,16:00,6801.5,6.26
2025-10-09,short,10:00,6788.5,12:00,6782.75,27.51
2025-10-09,short,12:30,6778.5,16:00,6781.25,-14.99
2025-10-10,short,11:00,6757.25,16:00,6595.5,807.51
2025-10-13,long,10:00,6693.5,10:30,6672.75,-104.99
2025-10-13,long,12:30,6700.0,13:30,6696.0,-21.24
2025-10-13,long,14:30,6704.5,15:00,6685.5,-96.24
2025-10-15,long,10:00,6747.25,11:30,6740.5,-34.99
2025-10-16,short,14:00,6679.75,16:00,6669.0,52.51
2025-10-17,long,10:30,6683.25,11:00,6655.25,-141.24
2025-10-17,long,15:30,6711.75,16:00,6703.5,-42.49
2025-10-20,long,10:00,6747.75,16:00,6773.0,125.01
2025-10-22,short,10:30,6753.0,11:00,6760.0,-36.24
2025-10-22,short,11:30,6737.0,12:00,6749.25,-62.49
2025-10-22,short,12:30,6734.0,15:30,6733.0,3.76
2025-10-23,long,10:00,6758.5,10:30,6751.75,-34.99
2025-10-23,long,11:00,6760.75,11:30,6758.5,-12.49
2025-10-23,long,14:00,6782.75,14:30,6783.25,1.26
2025-10-23,long,15:00,6784.25,16:00,6774.25,-51.24
2025-11-03,short,10:30,6854.5,11:00,6874.5,-101.24
2025-11-05,long,10:00,6822.0,16:00,6824.0,8.76
2025-11-06,short,10:00,6788.25,16:00,6750.5,187.51
2025-11-07,short,10:00,6706.75,14:00,6700.25,31.26
2025-11-10,long,14:00,6842.75,16:00,6857.0,70.01
2025-11-13,short,10:00,6829.5,10:30,6831.5,-11.24
2025-11-13,short,11:00,6805.75,16:00,6762.25,216.26
2025-11-14,long,12:30,6789.5,13:00,6779.0,-53.74
2025-11-17,short,14:00,6702.5,16:00,6694.0,41.26
2025-11-18,short,10:00,6621.5,11:30,6651.75,-152.49
2025-11-18,short,12:30,6621.75,13:00,6673.25,-258.74
2025-11-19,long,10:00,6692.25,11:00,6664.5,-139.99
2025-11-20,short,12:30,6619.5,13:30,6629.75,-52.49
2025-11-20,short,14:00,6584.0,16:00,6559.0,123.76
2025-11-21,long,12:00,6638.0,13:30,6615.0,-116.24
2025-11-21,long,14:00,6654.5,16:00,6622.5,-161.24
2025-11-24,long,10:30,6686.5,16:00,6718.25,157.51
2025-11-25,long,13:30,6771.25,14:00,6769.0,-12.49
2025-11-25,long,15:30,6775.75,16:00,6779.75,18.76
2025-12-05,long,10:30,6900.25,11:00,6887.25,-66.24
2025-12-10,long,15:00,6897.25,16:00,6892.0,-27.49
2025-12-11,short,10:00,6842.75,10:30,6879.5,-184.99
2025-12-12,short,10:30,6850.75,16:00,6831.5,95.01
2025-12-15,short,10:30,6811.25,11:00,6824.75,-68.74
2025-12-16,short,13:00,6823.25,14:00,6846.75,-118.74
2025-12-17,short,11:00,6809.5,16:00,6777.0,161.26
2025-12-18,long,11:00,6865.0,11:30,6861.75,-17.49
2025-12-19,long,10:00,6880.25,16:00,6888.5,40.01
2025-12-31,short,10:00,6932.0,11:30,6923.5,41.26
2025-12-31,short,15:00,6913.0,16:00,6892.0,103.76
2026-01-05,long,10:30,6954.25,11:00,6952.0,-12.49
2026-01-06,long,10:00,6969.5,11:00,6958.75,-54.99
2026-01-06,long,13:00,6978.0,16:00,6986.0,38.76
2026-01-09,long,10:30,6996.5,11:00,6983.5,-66.24
2026-01-09,long,11:30,6993.5,16:00,7004.5,53.76
2026-01-13,short,10:30,6989.5,11:00,7000.5,-56.24
2026-01-13,short,11:30,6997.25,12:00,7012.5,-77.49
2026-01-13,short,13:00,6991.75,16:00,7001.0,-47.49
2026-01-14,short,10:00,6948.75,15:30,6954.75,-31.24
2026-01-20,short,14:00,6843.25,16:00,6833.75,46.26
2026-01-21,long,10:00,6881.25,12:00,6856.75,-123.74
2026-01-21,long,14:30,6901.5,16:00,6910.5,43.76
2026-01-26,long,10:00,6976.5,16:00,6980.25,17.51
2026-01-27,long,11:30,7015.5,13:00,7007.0,-43.74
2026-01-29,short,10:00,6966.5,16:00,6990.0,-118.74
2026-01-30,short,13:00,6939.0,14:00,6962.25,-117.49
2026-02-02,long,10:30,6995.25,11:00,6994.75,-3.74
2026-02-02,long,11:30,7003.5,16:00,7002.75,-4.99
2026-02-03,short,10:00,6981.75,11:00,6978.25,16.26
2026-02-03,short,11:30,6954.25,16:00,6941.25,63.76
2026-02-04,short,12:00,6910.75,15:00,6928.25,-88.74
2026-02-05,short,10:30,6809.75,11:30,6841.0,-157.49
2026-02-06,long,10:00,6890.25,16:00,6948.5,290.01
2026-02-09,long,11:00,6983.75,13:30,6983.5,-2.49
2026-02-09,long,14:00,6988.5,15:30,6986.75,-9.99
2026-02-12,short,11:00,6924.75,16:00,6850.75,368.76
2026-02-17,short,10:00,6799.5,11:00,6819.75,-102.49
2026-02-18,long,10:00,6895.75,12:00,6909.0,65.01
2026-02-20,long,11:00,6919.25,11:30,6891.5,-139.99
2026-02-20,long,12:00,6916.75,12:30,6882.25,-173.74
2026-02-20,long,14:00,6924.5,14:30,6916.75,-39.99
2026-02-23,short,10:30,6874.25,13:30,6868.0,30.01
2026-02-23,short,14:00,6849.25,16:00,6854.25,-26.24
2026-02-24,long,10:30,6892.75,11:00,6882.5,-52.49
2026-02-24,long,12:30,6905.25,13:30,6899.5,-29.99
2026-02-24,long,15:00,6900.75,15:30,6894.25,-33.74
2026-02-26,short,10:00,6934.25,16:00,6921.75,61.26
2026-03-03,short,10:00,6746.0,11:00,6742.25,17.51
2026-03-04,long,10:30,6884.75,11:30,6874.25,-53.74
2026-03-04,long,13:00,6885.25,16:00,6872.75,-63.74
2026-03-05,short,13:00,6785.25,15:30,6816.5,-157.49
2026-03-09,short,10:00,6658.0,10:30,6658.0,-1.24
2026-03-09,long,15:30,6793.0,16:00,6801.5,41.26
2026-03-10,long,13:30,6851.0,14:00,6838.25,-64.99
2026-03-12,short,10:00,6703.75,11:00,6701.0,12.51
2026-03-16,long,10:00,6722.0,10:30,6716.25,-29.99
2026-03-18,short,15:00,6695.5,16:00,6677.25,90.01
2026-03-20,short,10:00,6607.0,16:00,6562.75,220.01
2026-03-23,long,10:00,6680.5,12:00,6637.0,-218.74
2026-03-26,short,13:30,6557.5,16:00,6523.25,170.01
2026-03-27,short,10:00,6458.0,11:30,6478.5,-103.74
2026-03-27,short,12:30,6457.0,16:00,6407.5,246.26
2026-03-30,short,15:30,6362.5,16:00,6388.0,-128.74
2026-03-31,long,10:00,6494.75,11:00,6454.0,-204.99
2026-03-31,long,12:30,6489.25,16:00,6569.0,397.51
2026-04-01,long,11:00,6634.0,14:00,6635.5,6.26
2026-04-06,long,10:00,6649.0,11:00,6638.25,-54.99
2026-04-07,short,10:00,6602.75,10:30,6607.0,-22.49
2026-04-07,short,11:00,6588.25,12:30,6622.0,-169.99
2026-04-09,long,12:00,6852.5,14:30,6852.25,-2.49
2026-04-14,long,10:30,6972.0,16:00,7006.0,168.76
2026-04-17,long,10:30,7153.75,13:30,7160.0,30.01
2026-04-17,long,14:00,7165.0,14:30,7159.25,-29.99
2026-04-21,short,13:30,7105.25,14:00,7117.0,-59.99
2026-04-21,short,14:30,7109.75,15:00,7122.5,-64.99
2026-04-23,short,13:30,7117.0,14:00,7123.5,-33.74
2026-04-24,long,12:00,7193.75,12:30,7188.75,-26.24
2026-04-24,long,13:00,7191.75,13:30,7185.75,-31.24
2026-04-24,long,14:00,7192.5,14:30,7185.5,-36.24
2026-04-24,long,15:30,7193.25,16:00,7194.5,5.01
2026-04-30,long,14:30,7232.75,16:00,7238.0,25.01
2026-05-01,long,10:00,7293.25,11:00,7278.25,-76.24
2026-05-01,long,11:30,7284.75,12:30,7272.5,-62.49
2026-05-04,short,12:00,7225.0,13:30,7235.75,-54.99
2026-05-04,short,14:30,7226.5,16:00,7231.5,-26.24
2026-05-05,long,10:30,7282.75,11:00,7280.25,-13.74
2026-05-05,long,11:30,7284.5,12:00,7279.5,-26.24
2026-05-05,long,14:00,7289.75,16:00,7286.5,-17.49
2026-05-06,long,10:00,7346.25,16:00,7386.5,200.01
2026-05-07,short,13:30,7354.25,14:00,7365.75,-58.74
2026-05-07,short,14:30,7360.75,16:00,7364.5,-19.99
2026-05-08,long,10:00,7413.75,15:00,7410.25,-18.74
2026-05-11,long,11:00,7443.0,13:00,7439.25,-19.99
2026-05-11,long,14:00,7448.5,15:00,7431.25,-87.49
2026-05-12,short,10:00,7396.0,14:00,7396.25,-2.49
2026-05-13,short,10:00,7413.0,10:30,7427.75,-74.99
2026-05-13,long,12:30,7462.5,16:00,7468.25,27.51
2026-05-14,long,10:30,7504.0,16:00,7525.75,107.51
2026-05-15,short,10:00,7432.25,10:30,7452.75,-103.74
2026-05-18,short,11:30,7396.0,13:30,7413.75,-89.99
2026-05-18,short,14:30,7386.75,16:00,7426.75,-201.24
2026-05-19,short,10:30,7363.0,11:00,7370.75,-39.99
2026-05-19,short,11:30,7361.0,12:00,7369.25,-42.49
2026-05-20,long,10:30,7417.75,16:00,7451.25,166.26
2026-05-26,long,10:30,7549.75,11:00,7547.75,-11.24
2026-05-28,long,10:30,7561.75,16:00,7581.75,98.76
2026-05-29,long,10:00,7609.0,10:30,7596.75,-62.49
2026-06-01,long,14:00,7624.75,16:00,7613.5,-57.49
2026-06-03,short,10:00,7585.75,11:30,7588.75,-16.24
2026-06-03,short,12:00,7579.0,14:00,7583.5,-23.74
2026-06-03,short,15:30,7575.5,16:00,7572.5,13.76
2026-06-04,long,12:30,7593.75,16:00,7599.5,27.51
2026-06-05,short,10:00,7511.25,16:00,7400.5,552.51
2026-06-08,long,11:00,7473.5,11:30,7455.0,-93.74
2026-06-09,short,11:00,7399.0,15:00,7389.75,45.01
2026-06-09,short,15:30,7367.25,16:00,7392.0,-124.99
2026-06-10,short,14:30,7316.0,16:00,7276.25,197.51
2026-06-11,long,14:00,7369.25,16:00,7394.25,123.76
2026-06-12,long,11:30,7458.75,12:00,7405.5,-267.49
2026-06-15,long,10:30,7617.25,14:00,7633.5,80.01
2026-06-16,short,10:30,7612.0,11:00,7611.25,2.51
2026-06-17,short,14:30,7542.5,16:00,7492.25,250.01
2026-06-22,long,10:00,7596.25,10:30,7561.0,-177.49
2026-06-24,long,11:00,7493.75,12:30,7477.25,-83.74
2026-06-25,short,10:00,7393.0,10:30,7451.0,-291.24
2026-06-29,long,14:00,7494.5,15:30,7497.5,13.76
2026-06-30,long,10:00,7527.0,11:00,7520.25,-34.99
2026-06-30,long,11:30,7540.75,16:00,7544.5,17.51
2026-07-01,long,11:30,7577.5,12:00,7572.25,-27.49
2026-07-01,long,12:30,7574.75,13:00,7559.5,-77.49
2026-07-02,long,10:00,7589.25,10:30,7559.5,-149.99
2026-07-02,short,13:00,7501.5,15:00,7509.5,-41.24
2026-07-06,long,15:00,7598.5,15:30,7600.75,10.01
2026-07-07,short,10:30,7544.25,12:00,7551.25,-36.24
2026-07-08,short,11:30,7474.0,12:00,7481.25,-37.49
2026-07-09,long,12:30,7582.0,15:30,7584.75,12.51
2026-07-13,short,14:30,7563.5,15:00,7567.5,-21.24
2026-07-13,short,15:30,7554.75,16:00,7563.25,-43.74
2026-07-16,short,15:30,7560.25,16:00,7577.25,-86.24
2026-07-21,long,12:30,7550.0,13:00,7550.25,0.01
2026-07-23,short,11:30,7419.0,12:00,7438.75,-99.99
2026-07-24,short,10:00,7433.25,10:30,7450.5,-87.49
2026-07-24,long,11:00,7465.25,14:30,7449.0,-82.49
2026-07-27,short,13:30,7419.75,14:00,7436.5,-84.99
2026-07-28,short,10:00,7421.5,11:00,7444.25,-114.99
2026-07-28,long,12:00,7480.0,12:30,7469.5,-53.74
2026-07-28,long,13:00,7484.25,13:30,7470.5,-69.99
2026-07-28,long,15:30,7475.5,16:00,7466.0,-48.74
2026-07-29,short,10:00,7429.75,15:00,7475.5,-229.99
2026-07-29,short,15:30,7405.25,16:00,7350.5,272.51
2026-07-30,long,10:00,7439.75,11:00,7415.0,-124.99
2026-07-30,long,12:30,7441.25,16:00,7472.5,155.01
2026-08-03,long,10:00,7588.5,16:00,7628.25,197.51
2026-08-04,long,10:00,7685.5,16:00,7764.0,391.26
2026-08-11,short,14:30,7740.25,15:00,7746.25,-31.24
2026-08-13,long,10:00,7821.0,11:30,7805.75,-77.49
2026-08-24,short,10:00,7668.5,11:00,7671.0,-13.74
2026-08-26,long,10:00,7701.5,10:30,7682.5,-96.24
2026-08-27,long,11:00,7735.75,14:30,7725.75,-51.24
2026-08-28,long,11:00,7779.5,12:00,7739.5,-201.24
2026-08-28,short,12:30,7724.75,15:30,7724.75,-1.24
2026-08-31,short,10:00,7689.5,11:00,7687.75,7.51
2026-08-31,short,11:30,7687.0,14:00,7693.25,-32.49
2026-09-02,long,10:30,7679.5,16:00,7678.25,-7.49
2026-09-03,long,10:00,7722.0,10:30,7712.0,-51.24
2026-09-03,long,11:30,7756.0,16:00,7756.0,-1.24
2026-09-04,short,11:00,7716.25,13:00,7730.75,-73.74
2026-09-04,short,13:30,7720.25,15:00,7724.75,-23.74
2026-09-04,short,15:30,7721.5,16:00,7724.0,-13.74
2026-09-08,short,10:00,7694.75,11:00,7697.25,-13.74
2026-09-08,short,12:00,7694.0,13:30,7696.0,-11.24
2026-09-08,short,15:00,7687.75,16:00,7681.5,30.01
2026-09-09,short,11:30,7635.0,13:30,7649.5,-73.74
2026-09-10,short,10:00,7586.5,10:30,7606.5,-101.24
2026-09-15,short,10:30,7657.0,16:00,7657.25,-2.49
2026-09-16,short,15:00,7618.75,16:00,7622.5,-19.99
2026-09-18,short,10:00,7692.5,11:00,7695.25,-14.99
2026-09-18,short,12:00,7685.0,13:00,7690.25,-27.49
2026-09-21,long,10:00,7774.75,16:00,7832.75,288.76
2026-09-23,short,10:00,7801.5,16:00,7774.25,135.01
2026-09-25,long,12:30,7807.0,13:00,7795.25,-59.99
2026-09-25,long,14:00,7803.0,14:30,7800.25,-14.99
2026-09-28,short,11:00,7730.5,12:30,7777.5,-236.24
