signal_close,first_session,last_session,sessions,prop_pnl_1_contract
2020-02-24,2020-02-25,2020-03-02,5,-534.95
2020-06-11,2020-06-12,2020-06-16,3,702.53
2020-09-07,2020-09-09,2020-09-14,4,213.79
2020-09-21,2020-09-22,2020-09-25,4,32.54
2020-10-19,2020-10-20,2020-10-22,3,51.28
2020-10-26,2020-10-27,2020-11-03,6,-28.69
2020-12-14,2020-12-15,2020-12-15,1,202.51
2021-01-27,2021-01-28,2021-02-02,4,518.79
2021-02-19,2021-02-22,2021-02-24,3,62.53
2021-05-12,2021-05-13,2021-05-14,2,542.52
2021-06-18,2021-06-21,2021-06-21,1,352.51
2021-07-16,2021-07-19,2021-07-21,3,63.78
2021-08-18,2021-08-19,2021-08-20,2,221.27
2021-09-09,2021-09-10,2021-09-15,4,-117.46
2021-09-21,2021-09-22,2021-09-23,2,487.52
2021-09-30,2021-10-01,2021-10-05,3,98.78
2021-11-25,2021-11-29,2021-12-06,6,-263.69
2022-01-05,2022-01-06,2022-01-11,4,-9.96
2022-01-17,2022-01-19,2022-01-28,8,-659.92
2023-02-20,2023-02-22,2023-03-02,7,-189.93
2023-04-25,2023-04-26,2023-04-27,2,160.02
2023-05-04,2023-05-05,2023-05-05,1,360.01
2023-05-24,2023-05-25,2023-05-26,2,302.52
2023-08-02,2023-08-03,2023-08-14,8,-253.67
2023-08-16,2023-08-17,2023-08-21,3,-29.97
2023-09-07,2023-09-08,2023-09-11,2,146.27
2023-09-20,2023-09-21,2023-10-02,8,-864.92
2024-01-02,2024-01-03,2024-01-08,4,5.04
2024-01-17,2024-01-18,2024-01-18,1,207.51
2024-04-04,2024-04-05,2024-04-08,2,212.52
2024-04-15,2024-04-16,2024-04-23,6,-83.69
2024-05-23,2024-05-24,2024-05-27,2,183.77
2024-05-30,2024-05-31,2024-06-03,2,207.52
2024-07-19,2024-07-22,2024-07-29,6,-331.19
2024-08-05,2024-08-06,2024-08-08,3,706.28
2024-09-06,2024-09-09,2024-09-10,2,426.27
2024-10-23,2024-10-24,2024-10-28,3,13.78
2024-10-31,2024-11-01,2024-11-05,3,362.53
2024-11-15,2024-11-18,2024-11-20,3,186.28
2024-12-18,2024-12-19,2024-12-23,3,388.78
2024-12-31,2025-01-02,2025-01-03,2,186.27
2025-01-10,2025-01-13,2025-01-15,3,503.78
2025-02-21,2025-02-24,2025-02-28,5,-596.2
2025-07-31,2025-08-01,2025-08-06,4,12.54
2025-08-19,2025-08-20,2025-08-22,3,207.53
2025-10-10,2025-10-13,2025-10-15,3,436.28
2025-11-17,2025-11-18,2025-11-24,5,-223.7
2025-12-16,2025-12-17,2025-12-19,3,140.03
2025-12-31,2026-01-02,2026-01-05,2,152.52
2026-01-19,2026-01-21,2026-01-22,2,483.77
2026-02-05,2026-02-06,2026-02-06,1,826.26
2026-02-12,2026-02-13,2026-02-18,3,113.78
2026-03-03,2026-03-04,2026-03-17,10,-98.65
2026-06-05,2026-06-08,2026-06-11,4,273.79
2026-06-26,2026-06-29,2026-06-29,1,507.51
2026-07-20,2026-07-21,2026-07-21,1,306.26
2026-07-29,2026-07-30,2026-07-30,1,681.26
2026-08-18,2026-08-19,2026-08-25,5,-221.2
2026-09-01,2026-09-02,2026-09-03,2,551.27
2026-09-10,2026-09-11,2026-09-17,5,348.8
