date,side,fill_bar_et,entry,stop,target,contracts,exit_bar_et,exit_price,reason,pnl
2024-10-29,long,13:20,20662.75,20585.5,20740.0,1,15:20,20740.0,target,153.26
2024-11-05,short,15:00,20303.25,20335.0,20271.5,3,15:30,20335.25,stop,-195.72
2024-11-15,short,13:00,20487.75,20513.25,20462.25,3,13:15,20462.25,target,149.28
2024-11-21,short,12:20,20764.0,20791.25,20736.75,3,12:25,20791.5,stop,-168.72
2024-11-26,short,14:30,20935.25,20981.5,20889.0,2,15:45,20981.75,stop,-188.48
2024-12-04,short,13:40,21461.0,21489.25,21432.75,3,13:55,21489.5,stop,-174.72
2024-12-05,short,13:30,21504.0,21567.75,21440.25,1,16:00,21475.5,close,55.76
2024-12-09,long,11:40,21486.5,21437.0,21536.0,2,13:35,21536.0,target,195.52
2024-12-10,long,12:40,21475.75,21444.0,21507.5,3,14:00,21443.75,stop,-195.72
2025-01-08,short,14:45,21350.5,21431.5,21269.5,1,16:00,21360.5,close,-21.24
2025-01-10,short,12:10,20911.25,20982.5,20840.0,1,12:35,20982.75,stop,-144.24
2025-01-24,short,12:05,21993.25,22035.75,21950.75,2,12:50,21950.75,target,167.52
2025-01-27,long,12:40,21212.25,21161.25,21263.25,1,12:50,21161.0,stop,-103.74
2025-01-27,short,15:00,21170.75,21260.5,21081.0,1,15:55,21260.75,stop,-181.24
2025-02-25,short,13:35,21194.25,21281.75,21106.75,1,16:00,21150.5,close,86.26
2025-03-03,long,12:45,20894.75,20831.5,20958.0,1,12:55,20831.25,stop,-128.24
2025-03-06,long,14:00,20096.75,20042.0,20151.5,1,14:15,20041.75,stop,-111.24
2025-03-07,short,14:55,20208.25,20273.75,20142.75,1,15:35,20142.75,target,129.76
2025-03-10,long,14:20,19435.5,19396.75,19474.25,2,14:40,19396.5,stop,-158.48
2025-03-28,long,11:20,19585.5,19554.75,19616.25,3,11:30,19616.25,target,180.78
2025-04-02,long,14:45,19680.75,19604.75,19756.75,1,15:40,19756.75,target,150.76
2025-05-06,long,12:20,19958.0,19882.25,20033.75,1,12:45,19882.0,stop,-153.24
2025-05-30,long,13:15,21159.75,21071.5,21248.0,1,14:15,21248.0,target,175.26
2025-06-05,long,13:55,21727.75,21660.0,21795.5,1,14:15,21659.75,stop,-137.24
2025-06-06,short,11:25,21790.5,21870.25,21710.75,1,14:30,21870.5,stop,-161.24
2025-06-24,short,13:30,22397.0,22414.25,22379.75,5,13:40,22414.5,stop,-181.2
2025-07-16,short,11:25,22952.75,23045.0,22860.5,1,11:35,22860.5,target,183.26
2025-07-24,long,14:20,23409.25,23380.75,23437.75,3,14:45,23380.5,stop,-176.22
2025-07-29,short,13:55,23491.75,23524.25,23459.25,3,15:25,23459.25,target,191.28
2025-08-01,long,11:50,22983.5,22896.25,23070.75,1,12:55,22896.0,stop,-176.24
2025-08-05,short,12:50,23169.25,23225.75,23112.75,1,13:45,23226.0,stop,-114.74
2025-08-18,short,13:55,23764.25,23799.75,23728.75,2,14:55,23800.0,stop,-145.48
2025-08-20,short,14:10,23241.75,23315.5,23168.0,1,15:10,23315.75,stop,-149.24
2025-09-03,short,13:00,23420.25,23464.0,23376.5,2,13:40,23376.5,target,172.52
2025-09-10,short,13:30,23897.5,23940.5,23854.5,2,14:25,23854.5,target,169.52
2025-10-06,long,13:30,25216.75,25183.25,25250.25,2,14:30,25250.25,target,131.52
2025-10-07,long,12:05,25027.0,24985.25,25068.75,2,12:30,25068.75,target,164.52
2025-10-15,long,12:05,24926.75,24876.5,24977.0,1,12:25,24977.0,target,99.26
2025-10-16,long,10:25,25066.75,25013.5,25120.0,1,10:35,25120.0,target,105.26
2025-10-21,short,13:10,25302.75,25347.5,25258.0,2,13:25,25258.0,target,176.52
2025-11-10,long,12:10,25542.5,25452.25,25632.75,1,12:50,25632.75,target,179.26
2025-11-13,short,11:45,25190.5,25263.25,25117.75,1,13:10,25117.75,target,144.26
2025-11-18,long,14:50,24726.25,24685.0,24767.5,2,14:55,24767.5,target,162.52
2025-12-04,long,15:00,25575.75,25487.0,25664.5,1,16:00,25627.25,close,101.76
2025-12-08,long,13:25,25656.5,25593.75,25719.25,1,13:55,25593.5,stop,-127.24
2026-01-02,short,13:55,25296.75,25363.75,25229.75,1,14:10,25364.0,stop,-135.74
2026-01-08,long,10:35,25652.75,25569.5,25736.0,1,16:00,25682.5,close,58.26
2026-01-09,short,10:50,25800.0,25879.0,25721.0,1,11:05,25879.25,stop,-159.74
2026-01-09,long,13:45,25937.5,25882.0,25993.0,1,16:00,25932.75,close,-10.74
2026-01-13,long,11:25,25875.25,25806.0,25944.5,1,11:30,25944.5,target,137.26
2026-01-14,short,13:00,25456.75,25508.75,25404.75,1,13:50,25509.0,stop,-105.74
2026-01-14,long,14:05,25488.5,25421.25,25555.75,1,15:05,25555.75,target,133.26
2026-01-15,short,10:55,25842.75,25925.75,25759.75,1,11:20,25926.0,stop,-167.74
2026-01-20,short,11:50,25369.75,25430.0,25309.5,1,12:30,25309.5,target,119.26
2026-01-28,long,14:55,26179.5,26111.75,26247.25,1,16:00,26150.25,close,-59.74
2026-01-29,short,14:05,25854.0,25890.25,25817.75,2,14:15,25890.5,stop,-148.48
2026-01-30,long,12:30,25745.25,25685.75,25804.75,1,12:55,25685.5,stop,-120.74
2026-02-19,short,13:10,24823.25,24905.0,24741.5,1,16:00,24863.25,close,-81.24
2026-03-03,short,15:00,24798.25,24850.25,24746.25,1,15:15,24746.25,target,102.76
2026-03-12,long,11:45,24645.0,24561.0,24729.0,1,12:20,24729.0,target,166.76
2026-03-13,short,13:05,24412.75,24488.25,24337.25,1,16:00,24397.75,close,28.76
2026-03-19,long,12:15,24453.5,24396.5,24510.5,1,13:05,24396.25,stop,-115.74
2026-03-24,long,14:05,24231.0,24160.25,24301.75,1,14:30,24301.75,target,140.26
2026-04-09,short,14:15,25192.5,25256.75,25128.25,1,15:45,25257.0,stop,-130.24
2026-04-13,long,12:40,25370.75,25282.25,25459.25,1,15:20,25459.25,target,175.76
2026-04-16,short,12:40,26506.5,26562.75,26450.25,1,13:05,26450.25,target,111.26
2026-04-20,long,11:30,26659.25,26569.0,26749.5,1,15:55,26749.5,target,179.26
2026-04-24,long,14:00,27426.75,27367.0,27486.5,1,16:00,27433.25,close,11.76
2026-04-28,long,11:05,27078.0,27010.5,27145.5,1,11:45,27010.25,stop,-136.74
2026-05-04,long,12:35,27701.0,27614.25,27787.75,1,13:15,27787.75,target,172.26
2026-05-05,short,12:35,28119.75,28155.0,28084.5,2,13:50,28155.25,stop,-144.48
2026-05-07,long,12:40,28710.0,28636.75,28783.25,1,13:15,28636.5,stop,-148.24
2026-05-14,short,13:00,29743.5,29783.75,29703.25,2,13:05,29703.25,target,158.52
2026-05-15,short,12:00,29302.25,29380.25,29224.25,1,13:20,29380.5,stop,-157.74
2026-05-21,long,11:30,29218.0,29138.0,29298.0,1,11:45,29298.0,target,158.76
2026-06-05,long,13:40,29456.5,29361.0,29552.0,1,14:10,29360.75,stop,-192.74
2026-06-09,short,14:50,28982.75,29046.75,28918.75,1,14:55,29047.0,stop,-129.74
2026-06-10,long,14:30,28687.25,28616.25,28758.25,1,14:50,28616.0,stop,-143.74
2026-06-25,short,14:50,29806.75,29891.5,29722.0,1,15:00,29722.0,target,168.26
2026-08-31,short,14:45,29404.25,29461.75,29346.75,1,15:40,29462.0,stop,-116.74
2026-09-10,long,13:25,29203.75,29133.5,29274.0,1,15:50,29133.25,stop,-142.24
2026-09-22,long,14:00,30965.75,30921.75,31009.75,2,14:20,31009.75,target,173.52
2026-09-24,short,13:30,30740.25,30827.5,30653.0,1,14:00,30653.0,target,173.26
2026-09-28,short,13:10,30625.0,30722.0,30528.0,1,16:00,30567.25,close,114.26
