date,open,high,low,close,next_close
2019-05-01,1285.4,1289.1,1274.6,1284.2,1290.2
2019-05-02,1278.1,1279.3,1267.3,1272.0,1277.8
2019-05-03,1271.6,1283.9,1268.2,1281.3,1287.2
2019-05-06,1281.7,1287.3,1278.2,1283.8,1289.8
2019-05-07,1282.5,1287.2,1279.2,1285.6,1291.6
2019-05-08,1285.9,1292.7,1280.3,1281.4,1287.4
2019-05-09,1281.8,1289.1,1280.4,1285.2,1291.2
2019-05-10,1284.9,1290.3,1283.9,1287.4,1293.3
2019-05-13,1287.4,1302.2,1282.3,1301.8,1307.7
2019-05-14,1301.5,1304.2,1294.4,1296.3,1302.1
2019-05-15,1297.5,1301.8,1293.6,1297.8,1303.7
2019-05-16,1297.3,1299.2,1284.2,1286.2,1292.0
2019-05-17,1286.0,1289.0,1274.6,1275.7,1281.4
2019-05-20,1277.7,1278.7,1273.1,1277.3,1282.9
2019-05-21,1275.9,1276.4,1269.1,1273.2,1278.8
2019-05-22,1273.9,1277.0,1271.9,1274.2,1279.5
2019-05-23,1273.8,1287.0,1272.1,1285.4,1291.0
2019-05-24,1283.2,1284.7,1280.0,1283.6,1289.2
2019-05-27,1283.6,1286.9,1275.2,1277.1,1282.5
2019-05-29,1279.0,1285.1,1278.5,1281.0,1286.3
2019-05-30,1284.7,1293.7,1279.3,1292.4,1304.1
2019-05-31,1293.2,1311.9,1292.5,1311.1,1322.6
2019-06-03,1312.0,1333.0,1311.0,1327.9,1339.3
2019-06-04,1329.7,1334.1,1324.8,1328.7,1340.1
2019-06-05,1330.0,1348.8,1329.2,1333.6,1344.9
2019-06-06,1333.5,1344.1,1331.5,1342.7,1354.0
2019-06-07,1340.0,1352.7,1334.3,1346.1,1357.4
2019-06-10,1342.9,1342.9,1329.0,1329.3,1340.7
2019-06-11,1332.2,1333.8,1323.5,1331.2,1342.7
2019-06-12,1330.6,1342.2,1329.8,1336.8,1348.2
2019-06-13,1338.0,1346.9,1336.1,1343.7,1355.1
2019-06-14,1346.2,1362.1,1341.4,1344.5,1355.9
2019-06-17,1344.8,1347.1,1336.5,1342.9,1354.2
2019-06-18,1343.4,1358.3,1342.1,1350.7,1362.1
2019-06-19,1350.0,1366.7,1344.2,1348.8,1360.1
2019-06-20,1364.5,1397.4,1361.3,1396.9,1408.3
2019-06-21,1391.7,1415.4,1386.1,1400.1,1411.2
2019-06-24,1404.0,1424.9,1403.6,1418.2,1429.5
2019-06-25,1423.2,1442.8,1415.2,1418.7,1430.1
2019-06-26,1426.8,1427.8,1405.0,1415.4,1426.8
2019-06-27,1412.9,1415.2,1401.6,1412.0,1423.4
2019-06-28,1413.0,1427.7,1408.6,1413.7,1425.1
2019-07-01,1407.0,1407.3,1380.0,1389.3,1400.8
2019-07-02,1386.8,1424.0,1386.5,1408.0,1419.8
2019-07-03,1424.9,1440.7,1414.8,1420.9,1432.9
2019-07-04,1421.9,1427.0,1388.0,1400.1,1412.1
2019-07-08,1400.9,1409.9,1393.8,1400.0,1412.2
2019-07-09,1397.9,1402.1,1387.6,1400.5,1412.8
2019-07-10,1399.9,1421.1,1391.8,1412.5,1424.9
2019-07-11,1421.1,1429.2,1402.7,1406.7,1419.3
2019-07-12,1405.6,1419.0,1404.5,1412.2,1424.8
2019-07-15,1421.0,1421.5,1409.2,1413.5,1426.1
2019-07-16,1416.3,1420.0,1402.1,1411.2,1423.6
2019-07-17,1407.8,1428.3,1400.7,1423.3,1435.9
2019-07-18,1431.6,1450.0,1415.7,1428.1,1440.8
2019-07-19,1448.4,1454.5,1421.1,1426.7,1439.4
2019-07-22,1428.0,1431.3,1422.9,1426.9,1439.7
2019-07-23,1425.1,1431.0,1414.0,1421.7,1434.5
2019-07-24,1418.4,1430.0,1416.7,1423.6,1436.5
2019-07-25,1426.4,1434.1,1411.0,1414.7,1427.5
2019-07-26,1414.8,1424.8,1413.0,1419.3,1432.2
2019-07-29,1418.0,1427.9,1414.6,1420.4,1433.3
2019-07-30,1440.0,1445.6,1434.8,1441.8,1448.0
2019-07-31,1443.4,1449.0,1420.9,1437.8,1444.0
2019-08-01,1425.5,1458.2,1411.9,1432.4,1438.5
2019-08-02,1457.4,1462.2,1442.5,1457.5,1463.5
2019-08-05,1451.8,1481.9,1448.6,1476.5,1482.2
2019-08-06,1480.0,1486.9,1468.3,1484.2,1490.0
2019-08-07,1486.8,1522.7,1484.2,1519.6,1525.4
2019-08-08,1513.0,1521.2,1501.7,1509.5,1515.4
2019-08-09,1514.7,1522.7,1506.1,1508.5,1514.5
2019-08-12,1508.5,1531.5,1498.2,1517.2,1523.2
2019-08-13,1524.0,1546.2,1489.7,1514.1,1520.2
2019-08-14,1512.3,1534.8,1504.8,1527.8,1533.8
2019-08-15,1527.0,1537.6,1518.5,1531.2,1537.2
2019-08-16,1533.5,1538.6,1513.8,1523.6,1529.4
2019-08-19,1523.3,1523.4,1503.4,1511.6,1517.4
2019-08-20,1505.8,1518.8,1503.0,1515.7,1521.5
2019-08-21,1518.0,1518.2,1506.5,1515.7,1521.5
2019-08-22,1512.5,1514.4,1502.1,1508.5,1514.3
2019-08-23,1507.7,1540.6,1503.1,1537.6,1543.5
2019-08-26,1542.6,1565.0,1534.9,1537.2,1543.2
2019-08-27,1537.5,1554.4,1535.2,1551.8,1558.0
2019-08-28,1552.2,1556.4,1541.5,1549.1,1555.3
2019-08-29,1550.2,1559.6,1528.7,1536.9,1543.0
2019-08-30,1538.4,1541.9,1525.7,1529.4,1535.7
2019-09-02,1532.2,1559.0,1528.1,1555.9,1562.2
2019-09-04,1557.6,1566.4,1542.7,1560.4,1566.5
2019-09-05,1561.6,1561.9,1514.4,1525.5,1531.5
2019-09-06,1526.0,1536.1,1510.9,1515.5,1521.7
2019-09-09,1515.8,1523.9,1505.5,1511.1,1517.4
2019-09-10,1507.3,1509.1,1492.3,1499.2,1505.6
2019-09-11,1493.7,1506.2,1493.0,1503.2,1509.5
2019-09-12,1504.5,1532.2,1496.8,1507.4,1513.8
2019-09-13,1505.7,1516.7,1493.2,1499.5,1505.9
2019-09-16,1508.0,1519.6,1503.4,1511.5,1517.8
2019-09-17,1506.4,1515.0,1501.0,1513.4,1519.7
2019-09-18,1509.6,1520.0,1487.6,1515.8,1522.2
2019-09-19,1502.7,1512.0,1496.1,1506.2,1512.5
2019-09-20,1506.7,1524.5,1505.3,1515.1,1521.5
2019-09-23,1522.2,1534.5,1518.2,1531.5,1538.0
2019-09-24,1529.2,1543.2,1522.8,1540.2,1546.7
2019-09-25,1539.3,1542.5,1507.4,1512.3,1518.7
2019-09-26,1511.5,1519.3,1507.1,1515.2,1521.8
2019-09-27,1511.9,1514.4,1493.3,1506.4,1513.1
2019-09-30,1501.9,1507.0,1470.3,1472.9,1479.6
2019-10-01,1478.9,1493.7,1465.1,1489.0,1495.7
2019-10-02,1485.9,1511.4,1480.6,1507.9,1514.5
2019-10-03,1506.2,1525.7,1501.6,1513.8,1520.5
2019-10-04,1510.6,1521.8,1501.5,1512.9,1519.7
2019-10-07,1515.5,1519.1,1493.3,1504.4,1511.2
2019-10-08,1498.9,1515.3,1492.2,1503.9,1510.7
2019-10-09,1511.1,1517.9,1505.2,1512.8,1519.6
2019-10-10,1511.3,1522.2,1495.7,1500.9,1507.7
2019-10-11,1498.4,1507.9,1478.2,1488.7,1495.5
2019-10-14,1492.7,1501.5,1487.2,1497.6,1504.4
2019-10-15,1497.4,1502.8,1480.9,1483.5,1490.3
2019-10-16,1484.8,1495.4,1480.7,1494.0,1500.8
2019-10-17,1493.7,1501.1,1487.1,1498.3,1505.2
2019-10-18,1495.1,1497.9,1488.3,1494.1,1501.0
2019-10-21,1494.5,1498.6,1484.9,1488.1,1495.0
2019-10-22,1488.0,1492.0,1483.9,1487.5,1494.5
2019-10-23,1491.1,1499.4,1490.7,1495.7,1502.7
2019-10-24,1495.0,1507.0,1490.4,1504.7,1511.7
2019-10-25,1506.0,1520.8,1503.1,1505.3,1512.3
2019-10-28,1506.9,1510.6,1492.4,1495.8,1502.9
2019-10-29,1494.8,1497.1,1485.5,1490.7,1497.7
2019-10-30,1490.4,1499.1,1483.3,1496.7,1503.8
2019-10-31,1498.1,1516.7,1496.0,1514.8,1521.8
2019-11-01,1515.8,1518.8,1505.5,1511.4,1518.5
2019-11-04,1516.3,1517.1,1506.6,1511.1,1518.3
2019-11-05,1511.6,1511.9,1480.8,1483.7,1490.8
2019-11-06,1485.0,1495.9,1483.9,1493.1,1500.3
2019-11-07,1491.8,1493.5,1461.2,1466.4,1473.3
2019-11-08,1469.4,1473.7,1457.0,1462.9,1469.8
2019-11-11,1460.6,1467.5,1449.0,1457.1,1464.1
2019-11-12,1456.7,1461.3,1446.2,1453.7,1460.6
2019-11-13,1457.1,1468.0,1456.7,1463.3,1470.2
2019-11-14,1464.0,1475.4,1461.7,1473.4,1480.2
2019-11-15,1471.9,1472.2,1462.8,1468.5,1475.4
2019-11-18,1467.8,1474.3,1456.7,1471.9,1478.8
2019-11-19,1470.9,1475.8,1465.1,1474.3,1481.2
2019-11-20,1473.1,1479.2,1466.1,1474.2,1481.0
2019-11-21,1474.0,1476.0,1462.3,1463.6,1470.5
2019-11-22,1464.6,1473.3,1461.3,1463.6,1470.5
2019-11-25,1461.4,1462.0,1453.9,1456.9,1463.8
2019-11-26,1454.9,1462.7,1449.5,1460.3,1467.4
2019-11-27,1468.3,1469.0,1459.1,1460.8,1466.0
2019-11-28,1461.6,1472.7,1459.1,1472.7,1478.1
2019-12-02,1470.2,1471.7,1459.9,1469.2,1474.6
2019-12-03,1468.4,1487.8,1465.4,1484.4,1489.9
2019-12-04,1483.2,1490.0,1476.8,1480.2,1485.6
2019-12-05,1480.2,1485.6,1478.0,1483.1,1488.6
2019-12-06,1480.7,1485.0,1463.4,1465.1,1470.7
2019-12-09,1464.6,1469.8,1463.0,1464.9,1470.5
2019-12-10,1466.0,1473.6,1464.3,1468.1,1473.7
2019-12-11,1468.6,1483.4,1466.9,1475.0,1480.6
2019-12-12,1479.2,1491.6,1468.3,1472.3,1477.9
2019-12-13,1472.3,1482.4,1465.9,1481.2,1486.9
2019-12-16,1480.2,1484.5,1477.6,1480.5,1486.1
2019-12-17,1480.5,1484.9,1478.5,1480.6,1486.4
2019-12-18,1480.3,1483.6,1474.4,1478.7,1484.4
2019-12-19,1479.1,1485.8,1477.2,1484.4,1490.0
2019-12-20,1482.9,1484.8,1479.5,1480.9,1486.6
2019-12-23,1482.4,1490.0,1481.2,1488.7,1494.4
2019-12-24,1489.6,1505.0,1488.1,1504.8,1510.6
2019-12-26,1504.7,1517.5,1502.1,1514.4,1520.3
2019-12-27,1516.4,1519.8,1512.1,1518.1,1524.1
2019-12-30,1515.9,1519.0,1513.5,1518.6,1524.6
2019-12-31,1517.9,1528.7,1517.4,1523.1,1529.3
2020-01-02,1520.4,1533.9,1519.7,1528.1,1534.3
2020-01-03,1531.8,1556.4,1530.4,1552.4,1558.7
2020-01-06,1560.5,1591.2,1560.5,1568.8,1575.1
2020-01-07,1566.5,1579.1,1557.1,1574.3,1580.5
2020-01-08,1578.3,1613.5,1553.5,1560.2,1566.5
2020-01-09,1557.7,1562.5,1541.1,1554.3,1560.6
2020-01-10,1554.3,1564.2,1546.7,1560.1,1566.4
2020-01-13,1563.0,1563.2,1547.1,1550.6,1557.0
2020-01-14,1548.8,1550.0,1536.5,1544.6,1550.9
2020-01-15,1546.4,1558.7,1546.4,1554.0,1560.1
2020-01-16,1556.5,1558.2,1548.0,1550.5,1556.5
2020-01-17,1552.5,1561.6,1549.4,1560.3,1566.5
2020-01-20,1557.9,1568.7,1546.0,1557.9,1564.1
2020-01-22,1558.1,1559.5,1550.0,1556.7,1562.9
2020-01-23,1558.7,1567.5,1551.2,1565.4,1571.6
2020-01-24,1563.2,1575.4,1555.9,1571.9,1578.2
2020-01-27,1579.4,1588.7,1575.3,1577.4,1583.7
2020-01-28,1581.0,1582.2,1564.7,1569.8,1575.8
2020-01-29,1566.0,1577.6,1562.3,1570.4,1576.0
2020-01-30,1581.7,1590.8,1576.8,1589.2,1595.1
2020-01-31,1578.8,1595.5,1575.1,1587.9,1593.8
2020-02-03,1597.8,1599.1,1570.7,1582.4,1588.3
2020-02-04,1582.0,1584.2,1552.6,1555.5,1561.4
2020-02-05,1556.6,1566.0,1551.1,1562.8,1568.7
2020-02-06,1559.5,1571.8,1555.9,1570.0,1575.8
2020-02-07,1570.0,1577.9,1562.8,1573.4,1579.2
2020-02-10,1575.6,1580.7,1571.4,1579.5,1585.4
2020-02-11,1575.6,1577.5,1565.2,1570.1,1575.9
2020-02-12,1571.7,1573.8,1564.8,1571.6,1577.3
2020-02-13,1569.8,1581.7,1568.5,1578.8,1584.5
2020-02-14,1579.0,1588.2,1576.1,1586.4,1591.9
2020-02-17,1585.8,1608.1,1581.8,1603.6,1609.3
2020-02-19,1604.0,1615.9,1602.4,1611.8,1617.5
2020-02-20,1614.5,1626.5,1606.6,1620.5,1626.2
2020-02-21,1622.8,1652.1,1621.8,1648.8,1654.6
2020-02-24,1654.9,1691.7,1652.7,1676.6,1682.4
2020-02-25,1661.7,1667.5,1627.0,1650.0,1655.8
2020-02-26,1637.4,1657.2,1626.6,1643.1,1648.9
2020-02-27,1643.4,1662.4,1636.8,1642.5,1648.2
2020-02-28,1646.8,1651.2,1563.4,1566.7,1571.8
2020-03-02,1591.4,1612.3,1576.5,1594.8,1599.5
2020-03-03,1588.3,1650.4,1586.3,1644.4,1648.9
2020-03-04,1641.0,1655.0,1632.8,1643.0,1647.2
2020-03-05,1638.8,1675.6,1635.7,1668.0,1672.0
2020-03-06,1672.9,1692.8,1642.0,1672.4,1676.1
2020-03-09,1689.0,1704.2,1658.1,1675.7,1678.6
2020-03-10,1678.8,1681.0,1641.3,1660.3,1663.3
2020-03-11,1649.7,1671.6,1632.5,1642.3,1645.4
2020-03-12,1634.6,1650.6,1560.5,1590.3,1593.2
2020-03-13,1579.5,1597.9,1504.0,1516.7,1519.5
2020-03-16,1549.0,1574.7,1450.6,1486.5,1488.6
2020-03-17,1510.6,1554.5,1465.6,1525.8,1528.1
2020-03-18,1528.8,1547.0,1473.3,1477.9,1480.6
2020-03-19,1486.0,1502.4,1460.9,1479.3,1482.3
2020-03-20,1472.4,1519.4,1458.0,1484.6,1488.1
2020-03-23,1505.9,1569.6,1484.7,1567.6,1572.7
2020-03-24,1563.5,1698.4,1560.8,1660.8,1663.3
2020-03-25,1668.0,1699.2,1615.3,1633.4,1634.3
2020-03-26,1643.4,1672.4,1607.1,1651.2,1660.3
2020-03-27,1639.2,1648.0,1611.0,1625.0,1654.1
2020-03-30,1660.8,1673.3,1632.0,1643.2,1643.5
2020-03-31,1643.4,1645.5,1588.0,1596.6,1596.6
2020-04-01,1590.9,1613.1,1577.8,1591.4,1591.7
2020-04-02,1603.6,1645.8,1595.1,1637.7,1637.7
2020-04-03,1635.4,1652.7,1623.2,1645.7,1645.5
2020-04-06,1647.6,1715.7,1638.2,1693.9,1692.2
2020-04-07,1709.5,1742.4,1672.1,1683.7,1682.8
2020-04-08,1679.1,1695.8,1669.7,1684.3,1683.8
2020-04-09,1679.3,1755.0,1676.4,1752.8,1752.1
2020-04-13,1741.6,1772.8,1723.9,1761.4,1760.9
2020-04-14,1761.6,1788.7,1747.0,1768.9,1769.4
2020-04-15,1757.8,1759.8,1731.6,1740.2,1741.2
2020-04-16,1743.2,1768.0,1722.5,1731.7,1733.2
2020-04-17,1735.8,1739.4,1691.3,1698.8,1700.1
2020-04-20,1693.9,1718.3,1684.7,1711.2,1712.6
2020-04-21,1712.8,1718.0,1664.0,1687.8,1689.8
2020-04-22,1702.2,1742.3,1695.7,1738.3,1741.4
2020-04-23,1736.4,1763.9,1730.7,1745.4,1748.8
2020-04-24,1752.9,1760.0,1725.6,1735.6,1739.7
2020-04-27,1744.5,1745.8,1719.9,1723.8,1728.7
2020-04-28,1724.2,1731.6,1704.3,1722.2,1727.8
2020-04-29,1724.6,1737.5,1708.2,1713.4,1719.2
2020-04-30,1729.1,1737.2,1687.7,1694.2,1701.0
2020-05-01,1694.4,1714.4,1676.1,1700.9,1707.2
2020-05-04,1710.8,1726.0,1700.3,1713.3,1720.3
2020-05-05,1711.9,1717.8,1695.5,1710.6,1718.9
2020-05-06,1713.9,1716.5,1683.5,1688.5,1696.5
2020-05-07,1685.6,1733.2,1684.1,1725.8,1735.7
2020-05-08,1727.1,1735.5,1703.3,1713.9,1726.6
2020-05-11,1705.1,1713.7,1692.2,1698.0,1711.3
2020-05-12,1700.5,1716.5,1693.7,1706.8,1717.3
2020-05-13,1705.3,1726.4,1701.5,1716.4,1726.9
2020-05-14,1723.0,1746.5,1715.7,1740.9,1752.1
2020-05-15,1738.3,1761.6,1736.9,1756.3,1768.0
2020-05-18,1757.5,1775.8,1729.3,1734.4,1746.7
2020-05-19,1734.9,1752.0,1727.0,1745.6,1757.9
2020-05-20,1748.3,1757.7,1744.4,1752.1,1765.6
2020-05-21,1751.2,1751.6,1715.3,1721.9,1736.9
2020-05-22,1726.1,1741.8,1722.5,1735.5,1753.5
2020-05-25,1734.9,1737.2,1700.6,1705.6,1728.2
2020-05-27,1703.1,1713.2,1684.4,1710.7,1726.8
2020-05-28,1723.3,1743.8,1719.8,1728.3,1742.7
2020-05-29,1732.1,1754.3,1725.3,1751.7,1765.7
2020-06-01,1752.8,1761.0,1737.7,1750.3,1763.7
2020-06-02,1750.7,1757.0,1728.1,1734.0,1749.7
2020-06-03,1735.2,1738.6,1690.3,1704.8,1723.5
2020-06-04,1703.6,1728.5,1699.2,1727.4,1746.4
2020-06-05,1722.3,1723.7,1671.8,1683.0,1701.9
2020-06-08,1689.0,1707.7,1680.8,1705.1,1723.8
2020-06-09,1704.0,1729.4,1697.6,1721.9,1740.3
2020-06-10,1719.3,1749.4,1714.3,1720.7,1739.0
2020-06-11,1746.7,1754.9,1727.5,1739.8,1757.6
2020-06-12,1734.1,1752.8,1728.2,1737.3,1755.2
2020-06-15,1740.1,1743.4,1706.2,1727.2,1744.9
2020-06-16,1732.7,1741.3,1721.6,1736.5,1754.4
2020-06-17,1734.5,1739.2,1718.0,1735.6,1753.4
2020-06-18,1736.5,1748.6,1722.7,1731.1,1747.9
2020-06-19,1729.4,1760.6,1728.4,1753.0,1768.6
2020-06-22,1760.9,1779.0,1753.9,1766.4,1781.7
2020-06-23,1764.5,1786.7,1758.9,1782.0,1797.1
2020-06-24,1784.0,1796.0,1770.8,1775.1,1792.6
2020-06-25,1772.2,1779.5,1763.2,1770.6,1788.4
2020-06-26,1774.8,1786.1,1754.6,1780.3,1798.5
2020-06-29,1788.9,1790.5,1776.6,1781.2,1800.1
2020-06-30,1784.1,1803.9,1775.1,1800.5,1820.4
2020-07-01,1798.1,1807.7,1767.8,1779.9,1801.9
2020-07-02,1779.5,1791.7,1766.2,1790.0,1812.0
2020-07-03,1787.2,1799.0,1779.2,1793.5,1816.1
2020-07-07,1793.4,1810.7,1781.4,1809.9,1834.3
2020-07-08,1808.0,1829.8,1803.7,1820.6,1850.6
2020-07-09,1819.1,1825.5,1799.6,1803.8,1833.5
2020-07-10,1807.2,1817.0,1796.5,1801.9,1831.3
2020-07-13,1803.0,1818.8,1802.0,1814.1,1843.7
2020-07-14,1805.6,1815.0,1791.2,1813.4,1841.5
2020-07-15,1811.7,1818.9,1803.7,1813.8,1841.6
2020-07-16,1813.2,1816.3,1794.2,1800.3,1826.5
2020-07-17,1796.8,1813.9,1795.2,1810.0,1833.7
2020-07-20,1812.2,1823.4,1806.8,1817.4,1840.1
2020-07-21,1819.4,1844.9,1817.3,1843.9,1869.6
2020-07-22,1843.2,1871.8,1842.0,1865.1,1892.6
2020-07-23,1871.0,1897.7,1863.0,1890.0,1917.4
2020-07-24,1884.9,1904.6,1880.5,1897.5,1925.2
2020-07-27,1901.4,1941.8,1899.2,1931.0,1955.4
2020-07-28,1936.9,1974.7,1900.3,1944.6,1963.9
2020-07-29,1950.1,1974.6,1935.4,1953.4,1976.7
2020-07-30,1986.4,1987.3,1951.8,1966.8,1976.3
2020-07-31,1974.0,2005.0,1971.6,1985.9,1995.6
2020-08-03,1995.3,2010.0,1975.2,1986.3,1996.1
2020-08-04,1992.9,2037.8,1983.3,2021.0,2030.8
2020-08-05,2036.2,2070.3,2027.4,2049.3,2059.4
2020-08-06,2054.1,2081.8,2049.1,2069.4,2080.1
2020-08-07,2075.6,2089.3,2024.8,2028.0,2038.5
2020-08-10,2044.8,2060.9,2027.7,2039.7,2050.1
2020-08-11,2036.6,2040.3,1911.0,1946.3,1955.4
2020-08-12,1920.7,1961.3,1873.9,1949.0,1957.5
2020-08-13,1926.5,1974.7,1922.9,1970.4,1979.3
2020-08-14,1963.8,1970.2,1939.2,1949.8,1958.7
2020-08-17,1955.7,2000.4,1938.5,1998.7,2006.8
2020-08-18,1993.6,2024.4,1985.0,2013.1,2021.6
2020-08-19,2009.8,2015.7,1930.2,1970.3,1978.5
2020-08-20,1934.9,1963.3,1928.0,1946.5,1955.0
2020-08-21,1956.5,1963.7,1916.6,1947.0,1955.1
2020-08-24,1947.4,1970.3,1930.8,1939.2,1947.5
2020-08-25,1935.8,1944.0,1919.3,1923.1,1931.1
2020-08-26,1936.2,1963.4,1908.3,1952.5,1960.3
2020-08-27,1963.1,1987.0,1914.7,1932.6,1940.0
2020-08-28,1937.0,1983.0,1927.7,1974.9,1981.8
2020-08-31,1974.0,1985.5,1962.4,1978.6,1986.5
2020-09-01,1973.1,2000.9,1969.0,1978.9,1986.8
2020-09-02,1976.6,1980.4,1938.8,1944.7,1952.6
2020-09-03,1949.7,1956.6,1927.1,1937.8,1945.2
2020-09-04,1938.0,1956.0,1921.7,1934.3,1941.7
2020-09-07,1940.0,1948.4,1911.9,1943.2,1950.9
2020-09-09,1939.0,1959.6,1926.4,1954.9,1962.4
2020-09-10,1955.1,1975.1,1948.9,1964.3,1971.9
2020-09-11,1954.0,1963.4,1943.8,1947.9,1955.7
2020-09-14,1948.2,1972.6,1945.4,1963.7,1971.7
2020-09-15,1965.2,1982.0,1955.7,1966.2,1974.1
2020-09-16,1961.5,1983.2,1957.2,1970.5,1978.0
2020-09-17,1967.1,1969.2,1938.7,1949.9,1957.3
2020-09-18,1951.6,1968.1,1950.9,1962.1,1969.7
2020-09-21,1955.9,1962.9,1885.4,1910.6,1918.0
2020-09-22,1917.6,1925.4,1898.8,1907.6,1915.0
2020-09-23,1905.4,1909.9,1857.9,1868.4,1875.7
2020-09-24,1866.7,1880.8,1851.2,1876.9,1883.9
2020-09-25,1872.9,1879.3,1854.4,1866.3,1873.5
2020-09-28,1863.6,1888.1,1851.1,1882.3,1889.6
2020-09-29,1886.0,1904.9,1880.8,1903.2,1910.4
2020-09-30,1903.0,1908.2,1885.6,1895.5,1902.6
2020-10-01,1891.1,1917.9,1890.0,1916.3,1923.4
2020-10-02,1911.1,1923.5,1895.1,1907.6,1914.7
2020-10-05,1908.2,1924.9,1891.4,1920.1,1927.0
2020-10-06,1918.1,1927.2,1878.4,1908.8,1915.8
2020-10-07,1882.6,1902.5,1877.2,1890.8,1897.7
2020-10-08,1891.0,1905.3,1885.3,1895.1,1902.7
2020-10-09,1898.1,1936.8,1898.1,1926.2,1933.6
2020-10-12,1935.2,1939.4,1923.8,1928.9,1936.3
2020-10-13,1927.5,1930.5,1889.4,1894.6,1902.2
2020-10-14,1894.9,1917.6,1885.0,1907.3,1915.1
2020-10-15,1905.6,1913.1,1892.8,1908.9,1916.6
2020-10-16,1912.6,1918.7,1901.1,1906.4,1914.0
2020-10-19,1903.1,1922.8,1900.3,1911.7,1919.3
2020-10-20,1906.6,1917.7,1896.6,1915.4,1922.9
2020-10-21,1910.6,1936.0,1910.6,1929.5,1936.9
2020-10-22,1928.1,1929.4,1894.9,1904.6,1912.0
2020-10-23,1906.5,1917.3,1895.3,1905.2,1912.7
2020-10-26,1905.4,1911.1,1891.8,1905.7,1913.2
2020-10-27,1904.4,1913.8,1898.7,1911.9,1919.3
2020-10-28,1910.1,1912.5,1869.1,1879.2,1886.6
2020-10-29,1877.2,1885.1,1859.2,1868.0,1875.2
2020-10-30,1868.0,1891.3,1863.7,1879.9,1887.2
2020-11-02,1877.9,1897.0,1873.4,1892.5,1899.7
2020-11-03,1896.3,1912.1,1887.8,1910.4,1917.4
2020-11-04,1910.4,1917.8,1881.1,1896.2,1903.1
2020-11-05,1903.1,1954.3,1902.3,1946.8,1953.8
2020-11-06,1950.1,1961.7,1937.2,1951.7,1959.1
2020-11-09,1953.6,1966.1,1847.1,1854.4,1860.6
2020-11-10,1862.6,1888.5,1859.0,1876.4,1883.0
2020-11-11,1876.3,1882.4,1853.8,1861.6,1868.1
2020-11-12,1864.0,1882.9,1860.6,1873.3,1880.2
2020-11-13,1875.1,1895.8,1872.3,1886.2,1893.0
2020-11-16,1887.1,1897.7,1861.0,1887.8,1894.1
2020-11-17,1888.8,1892.7,1876.4,1885.1,1891.3
2020-11-18,1879.8,1884.2,1861.3,1873.9,1879.2
2020-11-19,1871.4,1872.6,1850.2,1861.5,1866.9
2020-11-20,1865.9,1879.1,1859.2,1872.4,1878.2
2020-11-23,1869.6,1875.1,1827.8,1837.8,1844.1
2020-11-24,1835.4,1836.8,1796.8,1804.6,1810.9
2020-11-25,1805.5,1816.4,1798.7,1805.5,1811.2
2020-11-26,1811.9,1822.8,1776.5,1788.1,1792.1
2020-11-30,1790.5,1793.2,1767.3,1780.9,1784.8
2020-12-01,1780.8,1821.1,1778.4,1818.9,1822.8
2020-12-02,1819.7,1835.5,1810.4,1830.2,1833.9
2020-12-03,1833.8,1847.4,1826.7,1841.1,1844.7
2020-12-04,1844.5,1853.0,1832.2,1840.0,1844.0
2020-12-07,1841.0,1873.0,1824.5,1866.0,1870.1
2020-12-08,1865.5,1879.7,1863.9,1874.9,1879.1
2020-12-09,1875.2,1876.2,1828.5,1838.5,1842.6
2020-12-10,1842.9,1854.2,1831.9,1837.4,1841.5
2020-12-11,1839.5,1851.9,1827.1,1843.6,1847.6
2020-12-14,1844.2,1846.1,1820.2,1832.1,1836.1
2020-12-15,1830.9,1859.2,1828.7,1855.3,1859.4
2020-12-16,1857.8,1870.0,1848.1,1859.1,1863.0
2020-12-17,1868.8,1902.0,1865.9,1890.4,1894.5
2020-12-18,1891.1,1895.6,1881.9,1888.9,1893.0
2020-12-21,1892.0,1912.0,1859.1,1882.8,1887.0
2020-12-22,1882.3,1889.5,1863.7,1870.3,1874.5
2020-12-23,1865.1,1883.6,1860.6,1878.1,1882.3
2020-12-24,1876.8,1887.7,1873.1,1883.2,1887.4
2020-12-28,1884.5,1904.1,1872.4,1880.4,1884.8
2020-12-29,1877.9,1891.2,1875.7,1882.9,1887.3
2020-12-30,1882.5,1899.0,1879.2,1893.4,1897.8
2020-12-31,1897.4,1904.5,1889.3,1895.1,1899.6
2021-01-04,1908.0,1948.7,1906.5,1946.6,1951.1
2021-01-05,1945.9,1956.9,1938.4,1954.4,1958.8
2021-01-06,1953.3,1962.5,1902.5,1908.6,1913.0
2021-01-07,1922.0,1929.5,1907.5,1913.6,1918.0
2021-01-08,1915.0,1918.1,1827.8,1835.4,1839.7
2021-01-11,1849.0,1855.9,1817.1,1850.8,1854.9
2021-01-12,1844.1,1864.0,1835.6,1844.2,1848.2
2021-01-13,1855.2,1863.0,1841.5,1854.9,1858.8
2021-01-14,1845.3,1857.3,1826.2,1851.4,1855.4
2021-01-15,1847.8,1856.5,1822.1,1829.9,1833.7
2021-01-18,1827.7,1844.8,1799.2,1840.2,1844.0
2021-01-20,1839.9,1872.1,1831.0,1866.5,1870.2
2021-01-21,1871.9,1874.7,1857.6,1865.9,1869.3
2021-01-22,1869.6,1870.8,1836.2,1856.2,1859.9
2021-01-25,1855.3,1867.4,1846.3,1855.2,1859.0
2021-01-26,1855.0,1860.7,1846.4,1850.9,1854.8
2021-01-27,1849.8,1851.6,1828.3,1844.9,1848.9
2021-01-28,1847.8,1867.1,1835.4,1841.2,1843.7
2021-01-29,1846.4,1878.9,1841.1,1850.3,1852.7
2021-02-01,1859.6,1874.9,1851.7,1863.9,1866.0
2021-02-02,1864.1,1866.3,1830.4,1833.4,1835.8
2021-02-03,1838.5,1845.8,1830.2,1835.1,1837.6
2021-02-04,1834.7,1835.7,1784.6,1791.2,1793.8
2021-02-05,1794.1,1816.0,1792.1,1813.0,1815.6
2021-02-08,1817.8,1840.5,1807.2,1834.2,1836.8
2021-02-09,1832.0,1849.5,1830.3,1837.5,1840.2
2021-02-10,1838.2,1856.5,1833.3,1842.7,1845.6
2021-02-11,1845.3,1848.4,1821.3,1826.8,1829.8
2021-02-12,1825.6,1831.3,1810.0,1823.2,1826.0
2021-02-15,1826.7,1827.1,1788.3,1799.0,1801.9
2021-02-17,1793.2,1794.5,1767.8,1772.8,1775.8
2021-02-18,1775.2,1788.7,1766.8,1775.0,1778.0
2021-02-19,1774.8,1791.0,1759.1,1777.4,1780.3
2021-02-22,1782.9,1812.2,1778.6,1808.4,1811.2
2021-02-23,1809.1,1815.3,1794.5,1805.9,1808.6
2021-02-24,1805.5,1812.8,1782.2,1797.9,1800.8
2021-02-25,1804.0,1804.9,1763.7,1775.4,1778.4
2021-02-26,1769.2,1773.7,1714.9,1728.8,1731.6
2021-03-01,1732.1,1757.3,1717.4,1723.0,1725.8
2021-03-02,1722.7,1737.9,1704.6,1733.6,1736.5
2021-03-03,1736.5,1739.0,1699.4,1715.8,1718.7
2021-03-04,1708.8,1721.5,1687.5,1700.7,1703.7
2021-03-05,1695.9,1705.8,1683.4,1698.5,1701.6
2021-03-08,1701.4,1711.9,1673.0,1678.0,1680.8
2021-03-09,1679.5,1718.8,1676.8,1716.9,1719.7
2021-03-10,1714.6,1725.4,1705.8,1721.8,1724.5
2021-03-11,1725.0,1738.0,1716.7,1722.6,1725.2
2021-03-12,1720.1,1727.9,1696.6,1719.8,1722.4
2021-03-15,1727.4,1733.2,1719.2,1729.2,1731.8
2021-03-16,1730.2,1740.5,1724.4,1730.9,1733.2
2021-03-17,1729.9,1750.6,1722.0,1727.1,1729.2
2021-03-18,1744.4,1754.3,1716.8,1732.5,1734.6
2021-03-19,1734.0,1746.1,1727.0,1741.7,1743.9
2021-03-22,1744.1,1747.1,1726.3,1738.1,1740.4
2021-03-23,1738.4,1741.9,1722.7,1725.1,1727.5
2021-03-24,1725.7,1737.7,1721.6,1733.2,1735.5
2021-03-25,1733.3,1744.8,1720.3,1725.1,1727.3
2021-03-26,1725.9,1735.4,1718.6,1732.3,1734.7
2021-03-29,1730.8,1732.4,1703.1,1712.2,1714.6
2021-03-30,1713.5,1714.7,1678.4,1686.0,1687.9
2021-03-31,1685.2,1716.4,1677.1,1715.6,1717.5
2021-04-01,1709.2,1732.0,1706.5,1728.4,1730.3
2021-04-05,1731.4,1734.4,1721.6,1728.8,1730.7
2021-04-06,1728.8,1747.0,1728.1,1743.0,1745.0
2021-04-07,1744.5,1745.4,1731.3,1741.6,1743.6
2021-04-08,1739.3,1759.4,1733.2,1758.2,1760.3
2021-04-09,1757.3,1758.2,1730.6,1744.8,1746.8
2021-04-12,1744.6,1746.0,1726.7,1732.7,1734.6
2021-04-13,1732.5,1749.6,1723.3,1747.6,1749.5
2021-04-14,1746.1,1750.0,1732.4,1736.3,1738.2
2021-04-15,1737.2,1770.6,1734.4,1766.8,1768.8
2021-04-16,1764.7,1784.7,1760.4,1780.2,1782.2
2021-04-19,1778.5,1790.7,1766.6,1770.6,1772.7
2021-04-20,1770.7,1780.8,1763.6,1778.4,1780.4
2021-04-21,1779.0,1798.4,1776.2,1793.1,1795.2
2021-04-22,1795.6,1798.0,1777.2,1782.0,1784.0
2021-04-23,1783.6,1796.3,1769.5,1777.8,1779.9
2021-04-26,1776.0,1783.1,1768.1,1780.1,1782.3
2021-04-27,1782.0,1785.8,1774.0,1778.8,1781.0
2021-04-28,1776.8,1782.6,1761.8,1773.9,1776.1
2021-04-29,1781.5,1789.9,1754.4,1768.3,1770.5
2021-04-30,1772.0,1773.2,1763.3,1767.7,1769.8
2021-05-03,1768.0,1798.9,1765.8,1791.8,1794.0
2021-05-04,1793.5,1799.5,1769.8,1776.0,1778.2
2021-05-05,1778.5,1788.0,1769.1,1784.3,1786.5
2021-05-06,1786.1,1818.3,1781.8,1815.7,1817.9
2021-05-07,1815.5,1844.6,1813.4,1831.3,1833.5
2021-05-10,1835.4,1846.4,1830.5,1837.6,1839.8
2021-05-11,1836.6,1842.5,1817.9,1836.1,1838.1
2021-05-12,1838.4,1844.7,1813.0,1822.8,1824.8
2021-05-13,1817.2,1828.9,1808.5,1824.0,1826.1
2021-05-14,1826.2,1847.5,1819.1,1838.1,1840.0
2021-05-17,1846.0,1869.2,1841.0,1867.6,1869.6
2021-05-18,1867.4,1876.3,1863.6,1868.0,1870.1
2021-05-19,1869.0,1891.3,1852.2,1881.5,1883.4
2021-05-20,1870.0,1884.6,1864.2,1881.9,1883.9
2021-05-21,1877.5,1890.2,1870.3,1876.7,1878.9
2021-05-24,1883.2,1887.9,1875.5,1884.5,1886.7
2021-05-25,1881.5,1901.4,1873.3,1898.0,1900.5
2021-05-26,1899.4,1913.2,1890.6,1901.2,1903.8
2021-05-27,1899.3,1906.4,1890.8,1898.5,1902.2
2021-05-28,1899.8,1908.7,1884.5,1905.3,1909.1
2021-05-31,1906.5,1919.3,1894.4,1905.0,1908.8
2021-06-02,1903.1,1911.7,1896.4,1909.9,1913.7
2021-06-03,1911.4,1912.4,1866.7,1873.3,1877.1
2021-06-04,1871.9,1899.0,1856.8,1892.0,1895.8
2021-06-07,1894.1,1903.1,1883.7,1898.8,1902.7
2021-06-08,1901.6,1906.5,1885.8,1894.4,1898.4
2021-06-09,1894.6,1901.7,1889.3,1895.5,1899.5
2021-06-10,1891.3,1903.0,1871.7,1896.4,1900.5
2021-06-11,1901.0,1906.1,1876.0,1879.6,1883.7
2021-06-14,1879.7,1880.6,1845.8,1865.9,1869.9
2021-06-15,1867.7,1870.8,1853.0,1856.4,1860.4
2021-06-16,1861.8,1866.6,1804.2,1861.4,1865.3
2021-06-17,1812.5,1826.2,1767.8,1774.8,1778.6
2021-06-18,1773.8,1797.8,1761.4,1769.0,1773.0
2021-06-21,1764.6,1787.0,1764.2,1782.9,1787.0
2021-06-22,1783.9,1790.2,1771.6,1777.4,1781.6
2021-06-23,1779.0,1795.5,1772.0,1783.4,1787.7
2021-06-24,1778.7,1788.6,1772.4,1776.7,1781.0
2021-06-25,1775.0,1791.1,1773.2,1777.8,1782.1
2021-06-28,1781.8,1786.1,1769.8,1780.7,1784.9
2021-06-29,1778.0,1779.6,1750.1,1763.6,1767.7
2021-06-30,1761.5,1774.7,1753.2,1771.6,1775.8
2021-07-01,1770.6,1783.5,1766.1,1776.8,1780.8
2021-07-02,1777.3,1795.9,1774.4,1783.3,1787.4
2021-07-05,1785.7,1815.7,1784.6,1794.2,1798.2
2021-07-07,1797.0,1810.2,1794.1,1802.1,1806.1
2021-07-08,1803.8,1820.7,1792.5,1800.2,1804.2
2021-07-09,1803.0,1813.0,1796.7,1810.6,1814.6
2021-07-12,1808.6,1811.1,1791.1,1805.9,1809.9
2021-07-13,1806.7,1818.0,1798.7,1809.9,1814.0
2021-07-14,1808.2,1831.2,1804.9,1825.0,1829.1
2021-07-15,1828.6,1835.0,1820.6,1829.0,1833.1
2021-07-16,1830.6,1832.7,1809.6,1815.0,1819.1
2021-07-19,1811.4,1817.9,1795.0,1809.2,1813.2
2021-07-20,1812.3,1825.9,1805.3,1811.4,1815.2
2021-07-21,1811.0,1814.4,1794.4,1803.4,1807.4
2021-07-22,1804.4,1808.3,1792.5,1805.4,1809.2
2021-07-23,1807.2,1810.6,1786.1,1801.8,1805.9
2021-07-26,1802.0,1812.0,1795.9,1799.2,1803.4
2021-07-27,1798.0,1805.4,1792.8,1799.8,1804.0
2021-07-28,1798.7,1809.1,1790.8,1799.7,1804.6
2021-07-29,1811.0,1837.5,1810.8,1835.8,1837.7
2021-07-30,1832.5,1835.6,1813.1,1817.2,1819.1
2021-08-02,1817.2,1823.2,1808.2,1822.2,1824.2
2021-08-03,1817.1,1818.2,1809.7,1814.1,1816.1
2021-08-04,1813.8,1835.9,1808.3,1814.5,1816.4
2021-08-05,1815.6,1817.9,1799.7,1808.9,1810.9
2021-08-06,1807.3,1807.6,1759.4,1763.1,1765.1
2021-08-09,1764.3,1765.6,1679.9,1726.5,1728.6
2021-08-10,1730.9,1739.3,1718.5,1731.7,1733.7
2021-08-11,1730.4,1756.5,1724.7,1753.3,1755.4
2021-08-12,1753.2,1759.6,1742.6,1751.8,1753.8
2021-08-13,1753.4,1781.7,1753.1,1778.2,1780.3
2021-08-16,1780.7,1791.3,1772.1,1789.8,1791.9
2021-08-17,1789.7,1797.8,1782.3,1787.8,1789.8
2021-08-18,1788.0,1795.6,1778.8,1784.4,1786.4
2021-08-19,1788.5,1794.9,1774.8,1783.1,1785.1
2021-08-20,1782.4,1790.7,1780.0,1784.0,1786.0
2021-08-23,1783.2,1809.1,1778.0,1806.3,1808.3
2021-08-24,1807.7,1812.2,1802.5,1808.5,1810.5
2021-08-25,1805.7,1805.7,1783.9,1791.0,1793.0
2021-08-26,1792.7,1800.4,1781.3,1795.2,1797.2
2021-08-27,1794.6,1822.0,1786.1,1819.5,1821.5
2021-08-30,1821.5,1826.3,1809.7,1812.2,1814.2
2021-08-31,1812.7,1821.9,1803.4,1818.1,1820.1
2021-09-01,1816.6,1822.6,1810.5,1816.0,1818.0
2021-09-02,1817.0,1819.7,1806.6,1811.5,1813.4
2021-09-03,1811.8,1836.8,1810.9,1833.7,1835.7
2021-09-06,1833.3,1833.5,1793.5,1798.5,1800.6
2021-09-08,1796.1,1804.4,1783.7,1793.5,1795.7
2021-09-09,1791.2,1803.2,1785.2,1800.0,1802.1
2021-09-10,1796.3,1806.2,1788.3,1792.1,1794.2
2021-09-13,1790.1,1800.2,1784.7,1794.4,1796.5
2021-09-14,1795.1,1810.7,1776.0,1807.1,1809.2
2021-09-15,1806.5,1808.4,1791.5,1794.8,1796.9
2021-09-16,1795.9,1797.3,1745.4,1756.7,1758.7
2021-09-17,1753.8,1767.8,1747.2,1751.4,1753.4
2021-09-20,1753.6,1768.1,1742.3,1763.8,1765.9
2021-09-21,1765.7,1782.8,1758.2,1778.2,1780.3
2021-09-22,1774.6,1788.3,1764.9,1778.8,1781.0
2021-09-23,1768.7,1777.1,1737.6,1749.8,1751.8
2021-09-24,1744.3,1757.8,1740.3,1751.7,1753.8
2021-09-27,1752.0,1760.9,1744.6,1752.0,1754.0
2021-09-28,1750.3,1754.2,1727.6,1737.5,1739.5
2021-09-29,1734.2,1746.0,1721.2,1722.9,1724.9
2021-09-30,1726.6,1765.0,1721.8,1757.0,1758.5
2021-10-01,1757.7,1765.2,1749.5,1758.4,1760.1
2021-10-04,1762.6,1771.4,1747.7,1767.6,1769.4
2021-10-05,1770.2,1771.0,1748.5,1760.9,1762.8
2021-10-06,1760.8,1765.9,1745.3,1761.8,1763.7
2021-10-07,1764.0,1767.7,1752.1,1759.2,1761.1
2021-10-08,1756.1,1782.5,1753.6,1757.4,1759.4
2021-10-11,1757.0,1761.2,1750.0,1755.7,1757.7
2021-10-12,1753.5,1770.0,1750.4,1759.3,1761.2
2021-10-13,1760.6,1797.3,1757.9,1794.7,1796.7
2021-10-14,1794.8,1802.0,1787.6,1797.9,1799.8
2021-10-15,1797.3,1797.9,1765.1,1768.3,1770.2
2021-10-18,1767.9,1772.4,1760.2,1765.7,1767.6
2021-10-19,1764.8,1786.1,1763.4,1770.5,1772.4
2021-10-20,1769.7,1789.5,1767.1,1784.9,1786.8
2021-10-21,1783.1,1790.2,1776.8,1781.9,1783.8
2021-10-22,1783.5,1815.5,1783.4,1796.3,1798.3
2021-10-25,1794.0,1811.4,1793.0,1806.8,1808.8
2021-10-26,1808.7,1810.1,1782.9,1793.4,1795.4
2021-10-27,1794.0,1801.1,1784.3,1798.8,1800.8
2021-10-28,1798.4,1812.8,1793.4,1802.6,1804.7
2021-10-29,1801.4,1802.8,1772.4,1783.9,1785.9
2021-11-01,1784.7,1797.5,1780.1,1795.8,1797.9
2021-11-02,1794.9,1798.0,1787.3,1789.4,1791.5
2021-11-03,1789.0,1789.2,1758.7,1763.9,1766.0
2021-11-04,1768.3,1800.4,1768.3,1793.5,1795.6
2021-11-05,1792.7,1820.3,1785.9,1816.8,1819.0
2021-11-08,1820.7,1828.2,1813.8,1828.0,1830.2
2021-11-09,1827.0,1834.7,1820.9,1830.8,1832.9
2021-11-10,1834.2,1870.6,1822.0,1848.3,1850.6
2021-11-11,1852.6,1868.6,1845.1,1863.9,1866.3
2021-11-12,1864.4,1873.2,1847.5,1868.5,1870.8
2021-11-15,1870.6,1873.1,1858.0,1866.6,1869.2
2021-11-16,1865.0,1879.4,1851.0,1854.1,1856.7
2021-11-17,1851.2,1870.5,1851.0,1870.2,1872.8
2021-11-18,1870.0,1873.3,1856.7,1861.4,1864.0
2021-11-19,1861.8,1868.2,1843.6,1851.6,1854.3
2021-11-22,1848.0,1850.4,1802.5,1806.3,1809.1
2021-11-23,1806.9,1812.6,1781.7,1783.8,1786.3
2021-11-24,1789.7,1796.3,1777.8,1784.3,1786.9
2021-11-25,1789.9,1816.4,1778.8,1785.5,1788.1
2021-11-29,1794.5,1801.5,1782.1,1785.2,1787.1
2021-11-30,1787.3,1811.4,1771.1,1776.5,1778.3
2021-12-01,1777.0,1795.6,1773.6,1784.3,1786.3
2021-12-02,1784.0,1785.1,1762.1,1762.7,1764.7
2021-12-03,1768.8,1787.6,1766.1,1783.9,1785.8
2021-12-06,1786.2,1789.5,1776.3,1779.5,1781.5
2021-12-07,1780.4,1790.0,1772.5,1784.7,1786.8
2021-12-08,1785.3,1794.4,1780.0,1785.5,1787.6
2021-12-09,1784.4,1788.4,1773.2,1776.7,1778.9
2021-12-10,1776.5,1790.8,1770.3,1784.8,1787.0
2021-12-13,1784.1,1792.5,1782.2,1788.3,1790.6
2021-12-14,1787.6,1789.8,1766.0,1772.3,1774.7
2021-12-15,1772.5,1781.1,1750.1,1764.5,1766.9
2021-12-16,1778.9,1800.9,1775.9,1798.2,1800.7
2021-12-17,1801.0,1815.7,1796.5,1804.9,1807.3
2021-12-20,1799.7,1804.7,1789.0,1794.6,1796.9
2021-12-21,1791.1,1801.2,1785.0,1788.7,1791.1
2021-12-22,1790.7,1806.4,1785.8,1802.2,1804.6
2021-12-23,1804.8,1812.1,1799.1,1811.7,1814.0
2021-12-27,1810.5,1814.6,1803.6,1808.8,1811.1
2021-12-28,1812.6,1821.6,1805.6,1810.9,1813.3
2021-12-29,1807.1,1808.0,1789.1,1805.8,1808.2
2021-12-30,1805.0,1818.1,1796.2,1814.1,1816.6
2021-12-31,1816.2,1831.3,1815.3,1828.6,1831.0
2022-01-03,1830.1,1832.9,1798.3,1800.1,1802.4
2022-01-04,1801.1,1817.3,1798.3,1814.6,1817.0
2022-01-05,1815.0,1830.5,1808.4,1825.1,1827.5
2022-01-06,1810.7,1811.7,1785.6,1789.2,1791.5
2022-01-07,1791.7,1798.4,1781.3,1797.4,1799.9
2022-01-10,1796.9,1802.0,1789.3,1798.8,1801.3
2022-01-11,1801.2,1823.2,1799.7,1818.5,1821.0
2022-01-12,1821.6,1828.1,1814.0,1827.3,1829.8
2022-01-13,1825.7,1828.4,1811.7,1821.4,1823.9
2022-01-14,1821.5,1829.2,1814.2,1816.5,1819.0
2022-01-17,1818.2,1822.9,1804.7,1812.4,1814.9
2022-01-19,1813.8,1843.9,1809.0,1843.2,1845.5
2022-01-20,1841.5,1848.6,1835.5,1842.6,1844.9
2022-01-21,1839.3,1843.7,1828.4,1831.8,1834.1
2022-01-24,1835.4,1844.9,1829.3,1841.7,1844.2
2022-01-25,1843.2,1854.3,1834.7,1852.5,1855.0
2022-01-26,1848.4,1850.4,1814.0,1829.7,1832.0
2022-01-27,1819.1,1821.4,1790.8,1793.1,1795.0
2022-01-28,1798.5,1800.1,1774.5,1786.6,1789.3
2022-01-31,1792.1,1800.7,1785.9,1796.4,1799.2
2022-02-01,1797.2,1809.7,1796.2,1801.5,1804.3
2022-02-02,1801.3,1811.9,1794.6,1810.3,1813.2
2022-02-03,1808.0,1809.5,1788.5,1804.1,1807.0
2022-02-04,1805.2,1815.8,1792.2,1807.8,1810.8
2022-02-07,1808.1,1824.5,1807.5,1821.8,1824.7
2022-02-08,1821.2,1830.0,1816.0,1827.9,1831.0
2022-02-09,1827.5,1837.1,1825.4,1836.6,1839.7
2022-02-10,1834.7,1843.2,1821.9,1837.4,1840.7
2022-02-11,1827.0,1867.4,1821.3,1842.1,1845.5
2022-02-14,1862.1,1876.2,1852.0,1869.4,1872.8
2022-02-15,1872.6,1881.8,1845.3,1856.2,1859.6
2022-02-16,1855.1,1874.7,1851.7,1871.5,1874.9
2022-02-17,1871.5,1903.9,1869.7,1902.0,1905.3
2022-02-18,1901.6,1905.0,1888.0,1899.8,1903.1
2022-02-21,1903.1,1918.3,1889.7,1907.4,1910.7
2022-02-23,1900.4,1912.9,1891.2,1910.4,1913.7
2022-02-24,1912.1,1976.4,1878.8,1926.3,1929.4
2022-02-25,1905.7,1924.3,1884.2,1887.6,1890.8
2022-02-28,1904.0,1935.2,1892.3,1900.7,1904.0
2022-03-01,1908.3,1952.5,1902.9,1943.8,1947.1
2022-03-02,1945.6,1951.0,1915.7,1922.3,1925.6
2022-03-03,1930.5,1943.8,1923.6,1935.9,1939.3
2022-03-04,1938.3,1974.8,1931.7,1966.6,1969.9
2022-03-07,1978.4,2007.4,1964.2,1995.9,1999.2
2022-03-08,2000.9,2078.5,1985.9,2043.3,2046.7
2022-03-09,2058.2,2068.4,1981.0,1988.2,1991.7
2022-03-10,1993.6,2015.1,1973.7,2000.4,2004.5
2022-03-11,2001.6,2004.0,1961.3,1985.0,1989.4
2022-03-14,1990.2,1994.9,1951.9,1960.8,1965.5
2022-03-15,1953.8,1956.8,1908.1,1929.7,1934.7
2022-03-16,1920.0,1930.1,1895.0,1909.2,1914.3
2022-03-17,1928.1,1950.9,1924.2,1943.2,1948.2
2022-03-18,1943.2,1946.3,1918.2,1929.3,1933.9
2022-03-21,1923.0,1941.9,1917.6,1929.5,1934.8
2022-03-22,1935.9,1939.4,1909.9,1921.5,1926.7
2022-03-23,1923.7,1948.8,1915.6,1937.3,1942.6
2022-03-24,1943.7,1967.4,1937.6,1962.2,1967.7
2022-03-25,1959.4,1965.1,1942.6,1954.2,1959.8
2022-03-28,1957.9,1959.4,1916.0,1939.8,1944.7
2022-03-29,1923.0,1929.5,1888.4,1912.2,1918.0
2022-03-30,1924.3,1943.6,1920.2,1939.0,1944.1
2022-03-31,1939.2,1955.0,1922.9,1954.0,1959.5
2022-04-01,1943.5,1944.5,1921.3,1923.7,1929.2
2022-04-04,1928.5,1941.4,1919.0,1934.0,1939.7
2022-04-05,1936.6,1948.9,1920.8,1927.5,1933.5
2022-04-06,1926.0,1937.4,1917.2,1923.1,1929.3
2022-04-07,1927.6,1941.2,1923.4,1937.8,1944.2
2022-04-08,1934.1,1952.3,1930.5,1945.6,1952.2
2022-04-11,1950.0,1974.1,1943.0,1948.2,1955.0
2022-04-12,1958.0,1982.7,1952.8,1976.1,1983.0
2022-04-13,1971.8,1985.9,1966.4,1984.7,1991.5
2022-04-14,1981.2,1984.0,1963.0,1974.9,1981.6
2022-04-18,1977.1,2002.9,1974.9,1986.4,1993.3
2022-04-19,1982.2,1985.1,1945.1,1959.0,1965.8
2022-04-20,1953.0,1960.8,1941.1,1955.6,1962.3
2022-04-21,1959.5,1960.6,1938.0,1948.2,1955.0
2022-04-22,1953.3,1957.8,1927.8,1934.3,1941.4
2022-04-25,1932.0,1935.5,1891.8,1896.0,1903.0
2022-04-26,1899.6,1912.2,1896.4,1904.1,1911.1
2022-04-27,1904.2,1908.4,1881.4,1888.7,1895.6
2022-04-28,1887.7,1897.7,1871.6,1891.3,1898.3
2022-04-29,1896.6,1921.1,1893.6,1911.7,1918.6
2022-05-02,1896.9,1900.5,1853.8,1863.6,1870.6
2022-05-03,1863.2,1878.5,1849.7,1870.6,1877.8
2022-05-04,1868.3,1891.3,1861.0,1868.8,1876.2
2022-05-05,1884.2,1910.6,1872.2,1875.7,1883.0
2022-05-06,1875.2,1892.9,1865.4,1882.8,1890.2
2022-05-09,1882.9,1885.4,1851.0,1858.6,1865.9
2022-05-10,1854.3,1864.8,1834.6,1841.0,1848.4
2022-05-11,1837.3,1857.8,1830.6,1853.7,1861.0
2022-05-12,1852.4,1858.8,1819.9,1824.6,1831.6
2022-05-13,1823.3,1827.5,1797.1,1808.2,1814.8
2022-05-16,1809.3,1826.1,1785.0,1814.0,1820.4
2022-05-17,1824.8,1834.9,1811.1,1818.9,1825.4
2022-05-18,1813.6,1822.8,1804.9,1815.9,1822.4
2022-05-19,1815.0,1848.3,1808.7,1841.2,1847.8
2022-05-20,1840.6,1847.6,1830.6,1842.1,1848.4
2022-05-23,1845.1,1864.3,1843.9,1847.8,1853.9
2022-05-24,1851.0,1868.8,1847.5,1865.4,1871.4
2022-05-25,1864.5,1866.9,1839.4,1846.3,1852.5
2022-05-26,1851.9,1852.9,1837.0,1847.6,1853.9
2022-05-27,1854.8,1866.5,1851.9,1857.3,1873.7
2022-05-30,1856.3,1867.8,1837.6,1848.4,1865.0
2022-06-01,1841.0,1853.0,1830.3,1848.7,1865.6
2022-06-02,1849.3,1874.4,1846.5,1871.4,1888.5
2022-06-03,1871.5,1878.1,1849.8,1850.2,1867.4
2022-06-06,1853.6,1860.7,1842.7,1843.7,1861.2
2022-06-07,1843.9,1858.1,1838.5,1852.1,1870.0
2022-06-08,1854.0,1862.4,1846.7,1856.5,1874.5
2022-06-09,1855.4,1857.8,1841.9,1852.8,1870.9
2022-06-10,1850.9,1879.6,1826.5,1875.5,1893.9
2022-06-13,1878.1,1882.7,1819.0,1831.8,1850.8
2022-06-14,1820.6,1833.1,1805.9,1813.5,1833.3
2022-06-15,1809.8,1845.0,1807.8,1819.6,1839.4
2022-06-16,1836.7,1860.1,1816.3,1849.9,1869.9
2022-06-17,1858.2,1860.1,1836.2,1840.6,1860.6
2022-06-20,1841.3,1848.2,1830.6,1838.8,1859.0
2022-06-22,1835.0,1850.2,1825.0,1838.4,1858.5
2022-06-23,1838.6,1848.7,1823.8,1829.8,1849.7
2022-06-24,1825.9,1833.6,1817.8,1830.3,1850.3
2022-06-27,1838.1,1843.0,1821.9,1824.8,1845.1
2022-06-28,1823.9,1830.8,1819.1,1821.2,1841.5
2022-06-29,1821.1,1834.8,1812.1,1817.5,1837.8
2022-06-30,1818.7,1826.7,1802.5,1807.3,1827.5
2022-07-01,1807.9,1813.5,1783.3,1801.5,1821.4
2022-07-04,1811.0,1815.2,1762.9,1763.9,1783.4
2022-07-06,1764.9,1771.5,1730.9,1736.5,1755.5
2022-07-07,1737.2,1748.3,1734.7,1739.7,1758.7
2022-07-08,1739.1,1751.5,1726.6,1742.3,1761.6
2022-07-11,1741.5,1743.1,1728.7,1731.7,1751.1
2022-07-12,1730.6,1742.1,1721.6,1724.8,1744.3
2022-07-13,1724.3,1744.3,1704.7,1735.5,1755.0
2022-07-14,1734.8,1734.9,1694.9,1705.8,1725.4
2022-07-15,1710.0,1714.2,1696.6,1703.6,1722.2
2022-07-18,1706.2,1722.0,1704.5,1710.2,1728.2
2022-07-19,1707.1,1716.5,1702.9,1710.7,1728.1
2022-07-20,1709.5,1712.7,1690.2,1700.2,1717.7
2022-07-21,1694.8,1719.4,1678.4,1713.4,1731.3
2022-07-22,1716.1,1738.3,1711.8,1727.4,1745.3
2022-07-25,1726.0,1734.3,1712.9,1719.1,1737.1
2022-07-26,1718.1,1726.3,1711.5,1717.7,1735.7
2022-07-27,1715.3,1738.7,1709.2,1719.1,1737.5
2022-07-28,1751.7,1774.3,1750.8,1769.2,1780.7
2022-07-29,1773.9,1785.1,1768.3,1781.8,1793.5
2022-08-01,1782.6,1792.4,1774.3,1787.7,1799.6
2022-08-02,1788.5,1805.0,1776.0,1789.7,1801.8
2022-08-03,1777.6,1789.1,1769.9,1776.4,1789.0
2022-08-04,1781.8,1811.9,1779.4,1806.9,1819.6
2022-08-05,1807.9,1811.6,1780.2,1791.2,1804.2
2022-08-08,1790.9,1806.4,1786.9,1805.2,1818.4
2022-08-09,1806.2,1817.0,1799.4,1812.3,1825.5
2022-08-10,1812.0,1824.7,1803.1,1813.7,1826.7
2022-08-11,1809.0,1815.1,1797.9,1807.2,1820.3
2022-08-12,1806.2,1819.7,1799.9,1815.5,1828.7
2022-08-15,1819.4,1819.4,1787.6,1798.1,1811.2
2022-08-16,1795.1,1798.0,1785.9,1789.7,1802.7
2022-08-17,1790.3,1796.7,1773.8,1776.7,1789.6
2022-08-18,1777.4,1786.2,1768.7,1771.2,1784.2
2022-08-19,1772.9,1773.4,1759.2,1762.9,1775.6
2022-08-22,1760.5,1762.2,1740.3,1748.4,1761.1
2022-08-23,1749.1,1767.4,1743.0,1761.2,1773.9
2022-08-24,1760.7,1769.1,1754.8,1761.5,1774.4
2022-08-25,1764.7,1778.8,1762.8,1771.4,1784.4
2022-08-26,1772.2,1774.0,1746.1,1749.8,1762.8
2022-08-29,1747.8,1757.8,1731.4,1749.7,1762.6
2022-08-30,1750.4,1752.8,1732.9,1736.3,1749.0
2022-08-31,1736.5,1738.0,1720.7,1726.2,1738.9
2022-09-01,1723.0,1723.1,1699.1,1709.3,1721.9
2022-09-02,1708.4,1729.4,1705.9,1722.6,1735.0
2022-09-05,1723.7,1737.2,1710.6,1712.9,1725.2
2022-09-07,1712.5,1730.9,1701.7,1727.8,1740.0
2022-09-08,1728.5,1739.3,1714.4,1720.2,1732.5
2022-09-09,1720.1,1740.6,1719.5,1728.6,1741.1
2022-09-12,1728.0,1746.4,1722.3,1740.6,1753.3
2022-09-13,1735.6,1742.8,1706.9,1717.4,1730.3
2022-09-14,1712.5,1717.2,1703.3,1709.1,1722.6
2022-09-15,1707.4,1707.9,1668.9,1677.3,1690.6
2022-09-16,1674.0,1689.4,1661.6,1683.5,1696.7
2022-09-19,1685.1,1688.7,1667.6,1678.2,1691.4
2022-09-20,1685.1,1688.5,1668.1,1671.1,1684.2
2022-09-21,1672.6,1696.9,1661.2,1675.7,1688.8
2022-09-22,1682.8,1693.4,1663.2,1681.1,1694.2
2022-09-23,1678.4,1684.6,1647.4,1655.6,1668.8
2022-09-26,1652.1,1657.2,1628.1,1633.4,1646.5
2022-09-27,1629.3,1650.1,1628.5,1636.2,1649.3
2022-09-28,1636.9,1671.3,1622.2,1670.0,1683.0
2022-09-29,1668.2,1673.1,1649.2,1668.6,1681.6
2022-09-30,1668.6,1684.3,1667.4,1672.0,1684.9
2022-10-03,1670.5,1710.5,1666.5,1702.0,1714.9
2022-10-04,1708.2,1738.7,1704.0,1730.5,1743.7
2022-10-05,1735.8,1736.6,1708.8,1720.8,1734.2
2022-10-06,1725.9,1734.4,1714.8,1720.8,1734.3
2022-10-07,1721.5,1722.7,1698.5,1709.3,1722.8
2022-10-10,1704.0,1707.5,1672.5,1675.2,1688.8
2022-10-11,1675.4,1691.4,1667.6,1686.0,1699.5
2022-10-12,1673.3,1685.1,1668.0,1677.5,1691.1
2022-10-13,1680.8,1688.9,1648.2,1677.0,1690.8
2022-10-14,1673.3,1677.9,1645.6,1648.9,1662.8
2022-10-17,1649.0,1674.3,1648.9,1664.0,1677.8
2022-10-18,1655.5,1665.9,1650.8,1655.8,1669.6
2022-10-19,1657.0,1659.8,1632.2,1634.2,1648.0
2022-10-20,1635.1,1650.2,1626.2,1636.8,1650.7
2022-10-21,1633.1,1662.8,1621.0,1656.3,1670.2
2022-10-24,1662.8,1675.5,1647.9,1654.1,1668.1
2022-10-25,1654.8,1666.8,1641.9,1658.0,1672.2
2022-10-26,1657.1,1679.3,1653.8,1669.2,1683.4
2022-10-27,1668.7,1674.8,1658.3,1665.6,1680.0
2022-10-28,1667.5,1670.9,1640.7,1644.8,1659.1
2022-10-31,1647.3,1648.7,1634.7,1640.7,1654.9
2022-11-01,1636.8,1660.3,1633.5,1649.7,1663.8
2022-11-02,1650.1,1672.9,1637.4,1650.0,1664.1
2022-11-03,1638.8,1643.2,1618.4,1630.9,1644.9
2022-11-04,1632.2,1686.0,1630.8,1676.6,1690.6
2022-11-07,1681.0,1685.5,1670.0,1680.5,1694.5
2022-11-08,1679.1,1720.5,1667.0,1716.0,1730.0
2022-11-09,1715.0,1725.8,1705.1,1713.7,1727.8
2022-11-10,1709.9,1760.7,1706.2,1753.7,1767.8
2022-11-11,1758.6,1775.4,1750.2,1769.4,1783.5
2022-11-14,1769.6,1778.5,1756.0,1776.9,1790.8
2022-11-15,1774.0,1790.7,1770.2,1776.8,1791.6
2022-11-16,1781.5,1788.4,1773.5,1775.8,1791.0
2022-11-17,1776.2,1778.3,1756.4,1763.0,1777.8
2022-11-18,1763.8,1769.9,1749.2,1754.4,1769.0
2022-11-21,1752.5,1754.9,1733.9,1739.6,1754.6
2022-11-22,1739.5,1750.9,1737.5,1739.9,1754.8
2022-11-23,1740.3,1754.3,1717.6,1745.6,1760.4
2022-11-24,1750.5,1761.1,1746.0,1754.0,1768.8
2022-11-28,1755.0,1763.6,1738.4,1740.3,1755.3
2022-11-29,1756.3,1772.9,1753.6,1763.7,1778.7
2022-11-30,1763.8,1784.2,1758.0,1759.9,1775.1
2022-12-01,1781.7,1818.4,1781.7,1815.2,1830.3
2022-12-02,1816.4,1819.0,1791.9,1809.6,1824.7
2022-12-05,1811.0,1823.0,1777.8,1781.3,1796.5
2022-12-06,1782.0,1793.2,1779.1,1782.4,1797.6
2022-12-07,1783.4,1803.2,1780.6,1798.0,1813.2
2022-12-08,1798.1,1807.0,1793.1,1801.5,1816.7
2022-12-09,1802.0,1818.3,1800.1,1810.7,1825.9
2022-12-12,1808.6,1809.0,1788.3,1792.3,1807.4
2022-12-13,1792.5,1837.0,1791.8,1825.5,1840.5
2022-12-14,1823.5,1825.5,1804.1,1818.7,1833.8
2022-12-15,1819.0,1819.7,1780.0,1787.8,1803.1
2022-12-16,1787.5,1804.1,1783.8,1800.2,1815.6
2022-12-19,1801.2,1808.7,1793.2,1797.7,1813.0
2022-12-20,1797.0,1831.8,1793.8,1825.4,1840.8
2022-12-21,1827.8,1833.7,1821.4,1825.4,1840.9
2022-12-22,1823.9,1829.3,1792.8,1795.3,1810.8
2022-12-23,1801.1,1811.8,1798.9,1804.2,1819.8
2022-12-27,1807.5,1842.0,1807.4,1823.1,1838.8
2022-12-28,1820.7,1822.8,1804.3,1815.8,1831.5
2022-12-29,1811.9,1827.2,1811.1,1826.0,1841.9
2022-12-30,1821.2,1832.4,1819.7,1826.2,1842.2
2023-01-03,1830.9,1856.5,1830.9,1846.1,1862.1
2023-01-04,1845.3,1871.3,1842.0,1859.0,1875.0
2023-01-05,1860.1,1864.3,1829.4,1840.6,1856.7
2023-01-06,1838.6,1875.2,1834.7,1869.7,1885.9
2023-01-09,1872.3,1886.4,1869.8,1877.8,1894.2
2023-01-10,1876.3,1885.4,1872.0,1876.5,1893.0
2023-01-11,1881.5,1890.9,1870.5,1878.9,1895.5
2023-01-12,1879.8,1905.8,1873.1,1898.8,1915.5
2023-01-13,1899.0,1925.3,1895.0,1921.7,1938.5
2023-01-16,1924.0,1931.9,1906.4,1909.9,1926.7
2023-01-18,1910.0,1928.1,1898.6,1907.0,1923.8
2023-01-19,1905.2,1937.0,1901.9,1923.9,1940.6
2023-01-20,1932.7,1939.0,1922.0,1928.2,1944.9
2023-01-23,1927.8,1936.6,1912.4,1928.6,1945.4
2023-01-24,1931.7,1943.8,1918.2,1935.4,1952.2
2023-01-25,1937.7,1949.5,1920.7,1942.6,1959.4
2023-01-26,1946.9,1949.8,1918.6,1930.0,1946.7
2023-01-27,1930.6,1935.1,1916.5,1929.4,1945.6
2023-01-30,1943.9,1950.2,1936.2,1939.2,1956.0
2023-01-31,1938.8,1946.9,1916.0,1945.3,1962.2
2023-02-01,1946.0,1970.9,1936.0,1942.8,1959.7
2023-02-02,1966.8,1975.2,1925.6,1930.8,1947.6
2023-02-03,1927.1,1932.4,1874.0,1876.6,1893.3
2023-02-06,1878.1,1894.1,1871.3,1879.5,1896.1
2023-02-07,1880.5,1899.0,1877.6,1884.8,1901.5
2023-02-08,1883.3,1898.9,1881.4,1890.7,1907.7
2023-02-09,1887.3,1902.3,1870.3,1878.5,1895.3
2023-02-10,1874.1,1883.4,1863.6,1874.5,1891.2
2023-02-13,1876.2,1877.1,1861.0,1863.5,1880.1
2023-02-14,1864.9,1881.7,1853.2,1865.4,1882.1
2023-02-15,1864.7,1870.5,1840.2,1845.3,1862.0
2023-02-16,1847.4,1854.8,1836.5,1851.8,1868.6
2023-02-17,1845.0,1853.1,1827.5,1850.2,1866.9
2023-02-20,1851.2,1856.4,1839.0,1842.5,1859.2
2023-02-22,1844.6,1855.0,1832.0,1841.5,1858.3
2023-02-23,1834.9,1841.2,1824.6,1826.8,1843.6
2023-02-24,1830.9,1835.2,1815.5,1817.1,1833.9
2023-02-27,1817.9,1827.4,1812.6,1824.9,1841.6
2023-02-28,1824.1,1838.5,1811.2,1836.7,1853.2
2023-03-01,1833.8,1852.0,1829.7,1845.4,1862.1
2023-03-02,1843.5,1845.4,1835.7,1840.5,1857.3
2023-03-03,1842.2,1863.7,1842.0,1854.6,1871.4
2023-03-06,1861.1,1864.1,1850.7,1854.6,1871.4
2023-03-07,1852.2,1857.0,1816.9,1820.0,1836.8
2023-03-08,1817.8,1828.6,1813.4,1818.6,1835.6
2023-03-09,1817.7,1839.3,1815.4,1834.6,1851.5
2023-03-10,1834.8,1874.3,1831.7,1867.2,1884.0
2023-03-13,1875.8,1919.7,1875.7,1916.5,1933.0
2023-03-14,1918.9,1919.9,1899.7,1910.9,1927.4
2023-03-15,1908.0,1942.6,1889.6,1931.3,1948.1
2023-03-16,1922.1,1938.0,1911.5,1923.0,1939.7
2023-03-17,1924.1,1993.4,1922.4,1973.5,1990.2
2023-03-20,1990.8,2015.0,1969.6,1982.8,1999.7
2023-03-21,1983.1,1988.7,1938.7,1941.1,1958.3
2023-03-22,1943.9,1982.2,1936.7,1949.6,1966.6
2023-03-23,1973.3,2006.2,1962.0,1995.9,2013.3
2023-03-24,1996.2,2006.3,1977.8,1983.8,2001.7
2023-03-27,1982.0,1983.4,1944.7,1953.8,1971.5
2023-03-28,1958.5,1977.2,1949.8,1973.5,1990.4
2023-03-29,1975.3,1976.1,1959.5,1966.9,1984.5
2023-03-30,1982.6,2002.4,1972.6,1997.7,2015.6
2023-03-31,1998.2,2005.7,1984.2,1986.2,2004.1
2023-04-03,1987.9,2008.1,1966.1,2000.4,2018.5
2023-04-04,2000.4,2043.6,1994.1,2038.2,2056.2
2023-04-05,2038.4,2049.5,2026.1,2035.6,2053.6
2023-04-06,2036.9,2037.8,2016.5,2026.4,2044.4
2023-04-10,2017.0,2021.6,1996.5,2003.8,2021.8
2023-04-11,2007.4,2022.4,2003.8,2019.0,2037.3
2023-04-12,2019.0,2043.9,2015.7,2024.9,2043.3
2023-04-13,2027.2,2063.4,2027.1,2055.3,2073.8
2023-04-14,2055.1,2061.6,2005.8,2015.8,2034.4
2023-04-17,2014.2,2028.0,1993.3,2007.0,2025.7
2023-04-18,2006.6,2024.7,2003.4,2019.7,2038.5
2023-04-19,2017.6,2020.3,1980.6,2007.3,2025.9
2023-04-20,2007.4,2024.2,2002.2,2019.1,2037.9
2023-04-21,2015.1,2016.9,1982.3,1990.5,2009.2
2023-04-24,1992.2,2001.3,1984.4,1999.8,2018.6
2023-04-25,1999.5,2014.7,1986.2,2004.5,2023.5
2023-04-26,2007.2,2020.2,1993.6,1996.0,2014.9
2023-04-27,1998.7,2013.0,1982.5,1999.0,2017.9
2023-04-28,1997.0,2004.1,1984.7,1999.1,2018.3
2023-05-01,2000.1,2015.6,1985.4,1992.2,2011.4
2023-05-02,1991.1,2028.8,1986.8,2023.3,2042.5
2023-05-03,2025.9,2049.9,2016.2,2037.0,2056.2
2023-05-04,2050.0,2085.0,2038.5,2055.7,2075.0
2023-05-05,2058.9,2061.3,2007.0,2024.8,2044.2
2023-05-08,2024.4,2037.2,2022.0,2033.2,2052.8
2023-05-09,2028.4,2045.1,2026.4,2042.9,2062.4
2023-05-10,2042.5,2055.7,2028.4,2037.1,2056.5
2023-05-11,2037.4,2047.5,2016.7,2020.5,2039.9
2023-05-12,2020.8,2027.9,2005.7,2019.8,2039.1
2023-05-15,2013.4,2027.2,2011.7,2022.7,2042.1
2023-05-16,2021.4,2022.7,1989.1,1993.0,2012.2
2023-05-17,1993.1,1996.9,1978.3,1984.9,2003.7
2023-05-18,1986.1,1988.8,1954.3,1959.8,1978.3
2023-05-19,1961.5,1987.0,1956.3,1981.6,2000.3
2023-05-22,1979.2,1984.8,1970.7,1977.2,1995.7
2023-05-23,1974.0,1979.8,1955.7,1974.5,1992.8
2023-05-24,1977.7,1988.0,1958.4,1964.6,1983.1
2023-05-25,1959.4,1965.4,1938.9,1943.7,1962.3
2023-05-26,1941.7,1957.0,1936.5,1944.3,1963.1
2023-05-29,1964.7,1981.9,1949.7,1977.1,2015.5
2023-05-31,1977.1,1993.1,1971.8,1982.1,2020.4
2023-06-01,1982.0,2000.8,1970.1,1995.5,2034.0
2023-06-02,1994.1,2000.5,1963.3,1969.6,2008.0
2023-06-05,1963.4,1980.5,1953.7,1974.3,2012.9
2023-06-06,1978.2,1982.7,1970.3,1981.5,2020.0
2023-06-07,1980.0,1986.5,1955.5,1958.4,1997.1
2023-06-08,1955.9,1985.6,1955.1,1978.6,2017.2
2023-06-09,1980.7,1987.7,1971.0,1977.2,2016.1
2023-06-12,1976.0,1981.4,1963.1,1969.7,2008.5
2023-06-13,1970.1,1985.7,1953.0,1958.6,1997.4
2023-06-14,1956.7,1973.9,1952.6,1968.9,2007.5
2023-06-15,1955.9,1972.8,1936.1,1970.7,2009.5
2023-06-16,1970.9,1980.3,1965.6,1971.2,2010.1
2023-06-19,1970.1,1972.3,1940.8,1947.7,1986.6
2023-06-21,1948.1,1950.3,1929.5,1944.9,1983.9
2023-06-22,1944.0,1945.1,1922.2,1923.7,1962.5
2023-06-23,1923.9,1948.4,1919.7,1929.6,1968.4
2023-06-26,1935.9,1943.5,1931.0,1933.8,1972.6
2023-06-27,1932.7,1940.2,1920.0,1923.8,1962.5
2023-06-28,1923.3,1926.1,1911.3,1922.2,1960.8
2023-06-29,1916.8,1922.2,1900.2,1917.9,1956.4
2023-06-30,1916.5,1930.7,1908.1,1929.4,1968.0
2023-07-03,1927.8,1939.3,1917.6,1929.5,1968.2
2023-07-04,1928.9,1942.9,1922.1,1927.1,1965.9
2023-07-06,1923.4,1934.0,1908.5,1915.4,1954.1
2023-07-07,1917.2,1941.1,1915.4,1932.5,1971.2
2023-07-10,1931.0,1933.8,1918.0,1931.0,1969.7
2023-07-11,1930.8,1944.5,1929.7,1937.1,1975.8
2023-07-12,1937.5,1965.1,1937.1,1961.7,2000.4
2023-07-13,1962.2,1968.4,1956.8,1963.8,2002.5
2023-07-14,1965.4,1967.9,1954.7,1964.4,2003.0
2023-07-17,1959.0,1963.5,1949.1,1956.4,1995.1
2023-07-18,1958.9,1988.4,1958.0,1980.8,2019.6
2023-07-19,1982.6,1984.5,1973.3,1980.8,2019.6
2023-07-20,1980.0,1989.7,1967.7,1970.9,2009.8
2023-07-21,1972.0,1975.9,1958.8,1966.6,2005.3
2023-07-24,1963.8,1969.8,1955.2,1962.2,2001.0
2023-07-25,1956.6,1967.2,1952.4,1963.7,2002.8
2023-07-26,1965.8,1979.8,1963.2,1970.1,2009.5
2023-07-27,1973.5,1982.4,1940.5,1945.7,1985.2
2023-07-28,1985.3,2002.2,1984.1,1999.9,2020.6
2023-07-31,1997.5,2010.9,1987.2,2009.2,2029.7
2023-08-01,2004.5,2004.6,1978.3,1978.8,1999.4
2023-08-02,1984.5,1991.7,1968.9,1975.0,1995.5
2023-08-03,1972.1,1974.5,1964.8,1968.8,1989.1
2023-08-04,1969.8,1983.4,1958.0,1976.1,1996.5
2023-08-07,1978.1,1981.5,1966.1,1970.0,1990.4
2023-08-08,1971.5,1972.7,1956.4,1959.9,1980.2
2023-08-09,1959.3,1966.2,1947.1,1950.6,1970.7
2023-08-10,1947.9,1963.5,1944.6,1948.9,1968.9
2023-08-11,1945.7,1953.5,1943.0,1946.6,1966.5
2023-08-14,1945.1,1948.1,1934.2,1944.0,1963.9
2023-08-15,1939.0,1943.6,1927.6,1935.2,1955.1
2023-08-16,1933.0,1938.1,1922.1,1928.3,1948.2
2023-08-17,1922.9,1933.6,1914.3,1915.2,1935.0
2023-08-18,1918.5,1926.0,1916.0,1916.5,1936.4
2023-08-21,1918.4,1927.8,1913.6,1923.0,1942.9
2023-08-22,1923.6,1933.2,1917.6,1926.0,1945.9
2023-08-23,1926.5,1949.6,1926.1,1948.1,1968.1
2023-08-24,1944.9,1951.3,1939.3,1947.1,1967.2
2023-08-25,1944.3,1950.4,1931.1,1939.9,1960.0
2023-08-28,1943.8,1954.2,1940.1,1946.8,1967.0
2023-08-29,1948.0,1966.3,1941.8,1965.1,1985.4
2023-08-30,1966.0,1977.2,1962.7,1973.0,1993.4
2023-08-31,1971.3,1974.8,1965.6,1965.9,1986.3
2023-09-01,1966.9,1980.4,1960.7,1967.1,1987.4
2023-09-04,1966.5,1972.6,1950.6,1952.6,1972.7
2023-09-06,1951.6,1954.5,1940.0,1944.2,1964.3
2023-09-07,1942.1,1947.9,1940.2,1942.5,1962.5
2023-09-08,1943.9,1953.9,1940.8,1942.7,1962.6
2023-09-11,1942.9,1954.8,1939.1,1947.2,1967.1
2023-09-12,1945.7,1947.4,1929.8,1935.1,1955.1
2023-09-13,1935.7,1938.4,1927.3,1932.5,1952.6
2023-09-14,1930.8,1934.5,1921.8,1932.8,1952.9
2023-09-15,1932.6,1952.3,1931.3,1946.2,1966.3
2023-09-18,1945.6,1955.8,1943.8,1953.4,1973.5
2023-09-19,1955.0,1959.2,1950.9,1953.7,1973.7
2023-09-20,1952.8,1968.9,1948.6,1967.1,1986.9
2023-09-21,1952.5,1952.5,1933.2,1939.6,1959.2
2023-09-22,1939.8,1949.2,1939.6,1945.6,1965.4
2023-09-25,1944.8,1946.7,1934.1,1936.6,1956.4
2023-09-26,1935.3,1935.6,1917.2,1919.8,1939.4
2023-09-27,1918.4,1921.7,1890.3,1890.9,1910.4
2023-09-28,1893.8,1896.8,1874.5,1878.6,1898.0
2023-09-29,1883.1,1896.7,1862.2,1866.1,1885.4
2023-10-02,1864.6,1864.7,1842.8,1847.2,1866.4
2023-10-03,1846.4,1849.2,1831.0,1841.5,1860.7
2023-10-04,1838.9,1846.3,1831.5,1834.8,1853.8
2023-10-05,1836.8,1843.5,1826.2,1831.8,1850.8
2023-10-06,1834.5,1849.3,1823.4,1845.2,1864.4
2023-10-09,1857.9,1877.2,1857.5,1864.3,1883.5
2023-10-10,1875.1,1879.1,1866.0,1875.3,1894.6
2023-10-11,1874.0,1890.9,1871.7,1887.3,1906.8
2023-10-12,1887.7,1898.2,1880.4,1883.0,1902.5
2023-10-13,1881.6,1946.3,1881.5,1941.5,1961.1
2023-10-16,1942.0,1942.9,1921.3,1934.3,1953.9
2023-10-17,1932.8,1944.4,1924.8,1935.7,1955.4
2023-10-18,1936.4,1975.6,1935.9,1968.3,1988.1
2023-10-19,1960.8,1990.2,1956.9,1980.5,2000.2
2023-10-20,1987.0,2009.2,1983.6,1994.4,2014.5
2023-10-23,1988.4,1994.3,1971.1,1987.8,2007.8
2023-10-24,1984.8,1992.0,1964.5,1986.1,2006.1
2023-10-25,1982.2,1998.6,1973.7,1994.9,2015.0
2023-10-26,1991.3,2003.6,1981.6,1997.4,2017.6
2023-10-27,1995.0,2019.7,1986.4,1998.5,2018.7
2023-10-30,2014.2,2018.0,2000.2,2005.6,2026.0
2023-10-31,2006.0,2017.5,1987.4,1994.3,2014.6
2023-11-01,1993.3,2004.5,1978.0,1987.5,2007.8
2023-11-02,1991.7,1999.2,1986.3,1993.5,2013.9
2023-11-03,1993.2,2012.0,1990.6,1999.2,2019.6
2023-11-06,1999.9,2000.2,1984.3,1988.6,2009.0
2023-11-07,1984.7,1985.5,1962.4,1973.5,1993.8
2023-11-08,1975.5,1977.5,1953.3,1957.8,1978.1
2023-11-09,1956.0,1971.3,1948.8,1969.8,1989.9
2023-11-10,1964.2,1965.5,1936.9,1937.7,1957.7
2023-11-13,1943.4,1953.5,1935.5,1950.2,1970.2
2023-11-14,1950.4,1975.3,1941.9,1966.5,1986.4
2023-11-15,1966.7,1979.7,1958.7,1964.3,1984.3
2023-11-16,1963.1,1991.0,1959.0,1987.3,2007.5
2023-11-17,1984.5,1996.4,1981.0,1984.7,2004.8
2023-11-20,1982.3,1987.8,1967.2,1980.3,2000.4
2023-11-21,1980.2,2009.9,1979.9,2001.6,2021.8
2023-11-22,2000.0,2008.2,1988.6,1992.8,2013.2
2023-11-23,1991.3,2004.5,1990.9,2003.0,2023.5
2023-11-27,2002.9,2019.0,2001.3,2012.4,2033.0
2023-11-28,2014.1,2044.2,2011.5,2040.0,2060.2
2023-11-29,2062.6,2072.6,2056.2,2067.1,2086.6
2023-11-30,2065.6,2067.4,2051.1,2057.2,2076.7
2023-12-01,2056.7,2095.6,2052.9,2089.7,2109.2
2023-12-04,2094.3,2152.3,2038.2,2042.2,2061.6
2023-12-05,2048.5,2059.7,2027.2,2036.3,2055.7
2023-12-06,2037.6,2053.4,2035.4,2047.9,2067.3
2023-12-07,2044.3,2057.2,2036.7,2046.4,2065.8
2023-12-08,2045.4,2050.4,2010.5,2014.5,2033.9
2023-12-11,2019.8,2023.7,1991.3,1993.7,2013.0
2023-12-12,1997.6,2012.5,1992.3,1993.2,2012.5
2023-12-13,1994.9,2043.2,1988.0,1997.3,2016.7
2023-12-14,2043.3,2062.8,2039.1,2044.9,2064.2
2023-12-15,2051.0,2059.6,2029.5,2035.7,2055.2
2023-12-18,2033.7,2048.0,2029.2,2040.5,2060.1
2023-12-19,2041.2,2061.0,2034.8,2052.1,2071.8
2023-12-20,2053.7,2056.9,2040.7,2047.7,2067.3
2023-12-21,2045.8,2058.0,2042.6,2051.3,2071.0
2023-12-22,2058.4,2082.9,2058.1,2069.1,2088.8
2023-12-26,2065.7,2080.3,2065.1,2069.8,2089.6
2023-12-27,2079.3,2095.9,2072.7,2093.1,2112.9
2023-12-28,2089.8,2098.3,2074.6,2083.5,2103.5
2023-12-29,2075.9,2084.1,2067.5,2071.8,2091.8
2024-01-02,2072.2,2088.1,2064.3,2073.4,2093.5
2024-01-03,2067.8,2074.3,2038.4,2042.8,2062.7
2024-01-04,2049.8,2058.0,2043.4,2050.0,2069.9
2024-01-05,2051.4,2071.1,2030.4,2049.8,2069.7
2024-01-08,2052.5,2053.3,2022.7,2033.5,2053.4
2024-01-09,2034.2,2048.3,2031.6,2033.0,2053.0
2024-01-10,2036.0,2046.3,2025.8,2027.8,2047.8
2024-01-11,2029.9,2056.3,2017.2,2019.2,2039.0
2024-01-12,2033.2,2067.3,2032.8,2051.6,2071.4
2024-01-15,2053.6,2062.7,2027.6,2030.2,2049.9
2024-01-17,2030.7,2036.0,2004.7,2006.5,2026.0
2024-01-18,2009.0,2025.6,2007.7,2021.6,2041.1
2024-01-19,2026.4,2041.9,2022.2,2029.3,2048.6
2024-01-22,2031.8,2034.1,2018.0,2022.2,2041.6
2024-01-23,2023.3,2039.3,2020.7,2025.8,2045.2
2024-01-24,2030.6,2038.0,2011.8,2016.0,2035.2
2024-01-25,2015.2,2025.7,2009.0,2017.8,2036.8
2024-01-26,2021.1,2027.4,2015.6,2017.3,2036.1
2024-01-29,2020.2,2037.1,2018.6,2025.4,2044.6
2024-01-30,2051.7,2067.9,2047.2,2050.9,2070.5
2024-01-31,2055.0,2074.6,2048.9,2067.4,2087.0
2024-02-01,2057.6,2083.2,2046.6,2071.1,2090.6
2024-02-02,2072.0,2074.7,2044.1,2053.7,2073.4
2024-02-05,2058.0,2059.3,2030.7,2042.9,2062.7
2024-02-06,2041.8,2055.2,2038.8,2051.4,2071.2
2024-02-07,2052.8,2061.0,2046.3,2051.7,2071.5
2024-02-08,2050.8,2053.9,2034.7,2047.9,2067.8
2024-02-09,2049.7,2052.0,2034.5,2038.7,2058.6
2024-02-12,2038.7,2041.7,2025.3,2033.0,2053.0
2024-02-13,2033.8,2047.0,2002.7,2007.2,2027.1
2024-02-14,2006.0,2008.9,1996.7,2004.3,2024.0
2024-02-15,2004.9,2020.3,2001.9,2014.9,2034.7
2024-02-16,2016.1,2027.4,2006.7,2024.1,2043.9
2024-02-19,2027.6,2042.5,2023.9,2039.8,2059.6
2024-02-21,2035.9,2043.3,2030.9,2034.3,2054.0
2024-02-22,2036.8,2045.4,2029.3,2030.7,2050.5
2024-02-23,2034.2,2052.8,2025.4,2049.4,2069.3
2024-02-26,2044.7,2046.6,2034.3,2038.9,2058.8
2024-02-27,2041.4,2049.0,2038.2,2044.1,2064.1
2024-02-28,2039.4,2047.4,2033.3,2042.7,2062.7
2024-02-29,2043.3,2059.5,2036.0,2054.7,2074.6
2024-03-01,2052.6,2097.2,2047.2,2095.7,2116.0
2024-03-04,2091.6,2128.5,2088.1,2126.3,2146.8
2024-03-05,2123.7,2150.4,2118.6,2141.9,2162.5
2024-03-06,2138.6,2160.6,2131.8,2158.2,2178.8
2024-03-07,2156.5,2172.2,2151.7,2165.2,2185.9
2024-03-08,2167.9,2202.6,2161.3,2185.5,2206.3
2024-03-11,2186.7,2195.4,2181.2,2188.6,2210.0
2024-03-12,2188.2,2190.7,2156.2,2166.1,2187.7
2024-03-13,2163.6,2185.4,2161.3,2180.8,2202.4
2024-03-14,2180.7,2181.4,2157.2,2167.5,2189.1
2024-03-15,2166.6,2176.8,2158.8,2161.5,2183.1
2024-03-18,2159.9,2167.1,2149.2,2164.3,2185.9
2024-03-19,2164.3,2166.5,2150.3,2159.7,2181.2
2024-03-20,2161.0,2192.2,2152.4,2161.0,2182.4
2024-03-21,2189.8,2225.3,2168.2,2184.7,2206.5
2024-03-22,2183.3,2188.0,2158.5,2160.0,2181.6
2024-03-25,2166.6,2182.3,2164.4,2176.4,2198.2
2024-03-26,2174.2,2200.6,2168.3,2177.2,2199.2
2024-03-27,2202.0,2218.2,2193.5,2212.7,2232.4
2024-03-28,2215.6,2257.1,2207.5,2238.4,2258.4
2024-04-01,2257.2,2286.5,2249.1,2257.1,2277.5
2024-04-02,2273.0,2301.9,2267.1,2281.8,2302.4
2024-04-03,2301.5,2321.8,2285.6,2315.0,2335.9
2024-04-04,2320.9,2325.1,2298.8,2308.5,2329.4
2024-04-05,2310.0,2350.1,2286.3,2345.4,2366.6
2024-04-08,2344.8,2372.6,2321.7,2351.0,2372.3
2024-04-09,2358.0,2384.4,2355.6,2362.4,2383.9
2024-04-10,2370.8,2378.2,2337.3,2348.4,2370.1
2024-04-11,2352.4,2395.7,2343.2,2372.7,2394.6
2024-04-12,2389.9,2448.8,2350.5,2374.1,2396.3
2024-04-15,2369.0,2404.2,2340.2,2383.0,2405.1
2024-04-16,2400.9,2414.8,2379.2,2407.8,2430.0
2024-04-17,2399.4,2412.0,2370.7,2388.4,2410.5
2024-04-18,2376.7,2408.0,2376.6,2398.0,2420.1
2024-04-19,2394.3,2433.2,2386.8,2413.8,2436.1
2024-04-22,2403.5,2404.1,2338.3,2346.4,2368.1
2024-04-23,2341.1,2347.9,2304.3,2342.1,2363.7
2024-04-24,2337.9,2350.9,2324.8,2338.4,2360.3
2024-04-25,2328.7,2357.6,2316.4,2342.5,2364.5
2024-04-26,2344.0,2364.4,2338.2,2347.2,2369.3
2024-04-29,2347.1,2358.5,2331.1,2357.7,2379.8
2024-04-30,2347.3,2348.0,2296.1,2302.9,2324.7
2024-05-01,2296.9,2339.5,2291.7,2311.0,2332.9
2024-05-02,2330.0,2336.1,2294.4,2309.6,2331.6
2024-05-03,2314.5,2329.7,2285.2,2308.6,2330.6
2024-05-06,2312.8,2341.7,2300.5,2331.2,2353.4
2024-05-07,2335.4,2338.6,2318.3,2324.2,2346.6
2024-05-08,2322.3,2329.6,2311.5,2322.3,2344.8
2024-05-09,2316.1,2354.2,2313.2,2340.3,2362.7
2024-05-10,2353.1,2385.4,2352.0,2375.0,2397.7
2024-05-13,2369.4,2370.7,2337.6,2343.0,2365.7
2024-05-14,2343.0,2365.5,2340.5,2359.9,2382.5
2024-05-15,2364.1,2396.0,2357.1,2394.9,2417.6
2024-05-16,2391.1,2402.4,2374.9,2385.5,2408.3
2024-05-17,2381.9,2427.3,2377.7,2417.4,2440.4
2024-05-20,2420.4,2454.2,2411.1,2438.5,2461.7
2024-05-21,2430.7,2438.3,2409.3,2425.9,2449.1
2024-05-22,2425.5,2430.3,2378.0,2392.9,2415.7
2024-05-23,2383.4,2385.7,2328.4,2337.2,2359.7
2024-05-24,2331.0,2348.8,2326.3,2334.5,2356.9
2024-05-27,2335.7,2365.4,2333.9,2356.5,2379.3
2024-05-29,2361.3,2363.6,2334.3,2341.2,2364.1
2024-05-30,2360.3,2373.7,2343.6,2366.5,2412.5
2024-05-31,2364.9,2381.2,2341.1,2345.8,2391.7
2024-06-03,2347.9,2375.5,2334.6,2369.3,2415.0
2024-06-04,2372.4,2373.0,2335.2,2347.4,2392.5
2024-06-05,2346.6,2377.6,2345.2,2375.5,2421.0
2024-06-06,2375.5,2397.8,2372.2,2390.9,2436.7
2024-06-07,2395.2,2406.6,2304.3,2325.0,2370.3
2024-06-10,2310.9,2331.4,2304.6,2327.0,2372.3
2024-06-11,2329.0,2337.2,2314.6,2326.6,2371.6
2024-06-12,2333.2,2358.9,2327.4,2354.8,2400.0
2024-06-13,2340.4,2342.4,2310.6,2318.0,2363.1
2024-06-14,2319.7,2352.4,2316.7,2349.1,2394.5
2024-06-17,2348.6,2348.7,2324.3,2329.0,2374.5
2024-06-18,2334.0,2348.2,2320.6,2346.9,2392.3
2024-06-19,2344.1,2379.5,2338.4,2369.0,2414.7
2024-06-21,2373.6,2382.5,2329.4,2331.2,2376.7
2024-06-24,2334.0,2347.5,2329.7,2344.4,2390.1
2024-06-25,2347.5,2349.6,2327.1,2330.8,2376.7
2024-06-26,2331.5,2335.8,2304.8,2313.2,2358.7
2024-06-27,2309.3,2341.9,2306.8,2336.6,2382.4
2024-06-28,2338.7,2350.8,2329.7,2339.6,2385.6
2024-07-01,2336.1,2348.7,2328.3,2338.9,2385.3
2024-07-02,2341.6,2346.1,2327.7,2333.4,2379.9
2024-07-03,2339.0,2374.5,2335.9,2369.4,2416.3
2024-07-04,2366.9,2401.5,2355.9,2397.7,2445.0
2024-07-08,2396.5,2399.2,2358.3,2363.5,2411.0
2024-07-09,2366.6,2378.6,2355.9,2367.9,2415.2
2024-07-10,2371.2,2393.3,2369.7,2379.7,2427.2
2024-07-11,2377.1,2430.4,2376.8,2421.9,2469.9
2024-07-12,2420.8,2423.2,2396.2,2420.7,2469.0
2024-07-15,2419.3,2445.0,2406.1,2428.9,2477.3
2024-07-16,2427.2,2474.6,2424.5,2467.8,2516.7
2024-07-17,2473.0,2488.4,2455.6,2459.9,2509.0
2024-07-18,2462.0,2478.5,2442.9,2456.4,2505.4
2024-07-19,2447.2,2448.2,2395.7,2399.1,2446.8
2024-07-22,2403.7,2414.4,2385.1,2394.7,2442.1
2024-07-23,2398.0,2413.4,2389.1,2407.3,2455.2
2024-07-24,2411.3,2433.0,2396.9,2415.7,2464.0
2024-07-25,2398.9,2400.8,2352.0,2353.5,2399.9
2024-07-26,2363.3,2389.8,2354.7,2381.0,2427.9
2024-07-29,2386.2,2402.0,2367.4,2377.8,2425.5
2024-07-30,2427.6,2458.1,2421.4,2451.9,2474.9
2024-07-31,2455.9,2496.6,2449.2,2473.0,2496.4
2024-08-01,2493.6,2506.7,2473.9,2480.8,2504.0
2024-08-02,2490.8,2522.5,2453.1,2469.8,2491.1
2024-08-05,2490.1,2500.8,2403.6,2444.4,2465.3
2024-08-06,2453.0,2459.5,2422.1,2431.6,2452.6
2024-08-07,2432.1,2447.4,2418.9,2432.4,2453.5
2024-08-08,2423.6,2467.6,2420.1,2463.3,2484.9
2024-08-09,2467.0,2476.5,2455.9,2473.4,2495.3
2024-08-12,2470.2,2513.4,2462.7,2504.0,2526.1
2024-08-13,2513.2,2517.2,2498.1,2507.8,2529.8
2024-08-14,2506.1,2519.7,2476.2,2479.7,2501.3
2024-08-15,2486.9,2508.0,2469.1,2492.4,2514.5
2024-08-16,2495.0,2548.3,2488.3,2537.8,2560.3
2024-08-19,2549.5,2549.8,2523.7,2541.3,2564.0
2024-08-20,2542.4,2570.4,2535.1,2550.6,2573.0
2024-08-21,2551.8,2558.0,2531.3,2547.5,2569.7
2024-08-22,2550.1,2551.5,2506.3,2516.7,2538.8
2024-08-23,2520.6,2554.6,2519.7,2546.3,2568.6
2024-08-26,2545.9,2562.9,2543.9,2555.2,2577.7
2024-08-27,2553.2,2561.4,2538.5,2552.9,2575.2
2024-08-28,2560.6,2564.3,2527.7,2537.8,2560.0
2024-08-29,2539.0,2562.3,2536.6,2560.3,2582.7
2024-08-30,2554.6,2560.1,2526.5,2527.6,2549.8
2024-09-02,2535.9,2539.4,2504.4,2523.0,2545.0
2024-09-04,2524.9,2531.7,2502.6,2526.0,2547.7
2024-09-05,2526.6,2553.9,2523.7,2543.1,2564.8
2024-09-06,2547.2,2559.7,2514.2,2524.6,2546.0
2024-09-09,2526.0,2536.5,2514.3,2532.7,2554.2
2024-09-10,2534.2,2547.5,2528.9,2543.1,2564.8
2024-09-11,2545.7,2558.1,2528.5,2542.4,2564.3
2024-09-12,2540.2,2588.5,2538.8,2580.6,2602.9
2024-09-13,2586.7,2614.5,2585.0,2610.7,2632.9
2024-09-16,2607.8,2617.5,2602.9,2608.9,2630.8
2024-09-17,2610.0,2613.8,2587.2,2592.4,2614.2
2024-09-18,2595.2,2627.2,2572.5,2598.6,2620.6
2024-09-19,2584.7,2620.4,2575.3,2614.6,2636.4
2024-09-20,2611.6,2650.9,2609.1,2646.2,2668.2
2024-09-23,2646.4,2659.8,2638.6,2652.5,2674.4
2024-09-24,2653.7,2689.4,2647.0,2677.0,2698.9
2024-09-25,2682.1,2695.0,2673.8,2684.7,2706.6
2024-09-26,2681.3,2708.7,2677.4,2694.9,2717.0
2024-09-27,2694.9,2696.9,2665.3,2668.1,2689.9
2024-09-30,2680.7,2687.7,2646.1,2659.4,2681.3
2024-10-01,2656.6,2694.7,2653.8,2690.3,2712.5
2024-10-02,2684.1,2684.9,2662.0,2669.7,2692.0
2024-10-03,2680.0,2683.2,2658.0,2679.2,2701.6
2024-10-04,2676.5,2690.4,2651.6,2667.8,2690.7
2024-10-07,2671.9,2679.2,2657.2,2666.0,2689.1
2024-10-08,2662.1,2672.4,2623.6,2635.4,2658.2
2024-10-09,2640.0,2642.9,2623.1,2626.0,2648.8
2024-10-10,2626.8,2648.9,2619.3,2639.3,2662.6
2024-10-11,2647.3,2679.0,2645.3,2676.3,2699.7
2024-10-14,2673.3,2684.0,2660.1,2665.6,2689.0
2024-10-15,2664.8,2685.8,2654.5,2678.9,2702.4
2024-10-16,2679.7,2702.3,2674.9,2691.3,2714.9
2024-10-17,2690.9,2712.5,2688.4,2707.5,2731.4
2024-10-18,2708.5,2737.8,2707.3,2730.0,2754.3
2024-10-21,2736.5,2755.5,2728.5,2738.9,2763.4
2024-10-22,2734.0,2763.3,2733.3,2759.8,2784.4
2024-10-23,2762.4,2772.6,2721.6,2729.4,2753.8
2024-10-24,2729.8,2756.3,2728.8,2748.9,2773.3
2024-10-25,2748.8,2760.9,2729.1,2754.6,2779.1
2024-10-28,2751.0,2758.3,2736.9,2755.9,2780.5
2024-10-29,2755.0,2787.4,2752.0,2781.1,2805.8
2024-10-30,2787.0,2801.8,2782.5,2800.8,2825.7
2024-10-31,2798.9,2801.5,2741.8,2749.3,2774.0
2024-11-01,2753.3,2772.4,2742.6,2749.2,2773.9
2024-11-04,2743.8,2757.5,2739.0,2746.2,2770.9
2024-11-05,2747.0,2759.5,2733.4,2749.7,2774.6
2024-11-06,2752.5,2758.6,2660.6,2676.3,2700.4
2024-11-07,2668.6,2718.1,2650.2,2705.8,2730.6
2024-11-08,2714.0,2717.7,2687.3,2694.8,2719.5
2024-11-11,2691.9,2693.2,2617.1,2617.7,2641.7
2024-11-12,2625.2,2633.3,2595.7,2606.3,2630.3
2024-11-13,2604.7,2625.1,2578.0,2586.5,2610.3
2024-11-14,2578.4,2585.9,2541.5,2572.9,2596.4
2024-11-15,2570.3,2580.8,2559.0,2570.1,2593.6
2024-11-18,2570.4,2619.4,2568.7,2614.6,2638.2
2024-11-19,2616.4,2643.5,2614.2,2631.0,2654.6
2024-11-20,2635.5,2659.0,2621.8,2651.7,2675.6
2024-11-21,2654.1,2676.4,2651.5,2674.9,2699.3
2024-11-22,2672.2,2718.3,2670.2,2712.2,2737.2
2024-11-25,2716.8,2723.3,2616.7,2618.5,2642.6
2024-11-26,2625.1,2642.7,2605.4,2621.3,2646.3
2024-11-27,2661.4,2683.3,2652.1,2664.8,2685.6
2024-11-28,2661.8,2690.5,2644.2,2681.0,2701.9
2024-12-02,2673.8,2678.3,2644.4,2658.5,2679.3
2024-12-03,2661.3,2678.7,2656.8,2667.9,2688.7
2024-12-04,2666.5,2682.1,2654.0,2676.2,2696.4
2024-12-05,2674.1,2680.1,2646.3,2648.4,2668.8
2024-12-06,2655.1,2667.8,2635.5,2659.6,2680.3
2024-12-09,2664.6,2700.0,2649.7,2685.8,2706.6
2024-12-10,2684.9,2721.9,2680.6,2718.4,2739.4
2024-12-11,2721.4,2759.6,2719.0,2756.7,2776.6
2024-12-12,2753.9,2761.1,2696.6,2709.4,2730.4
2024-12-13,2705.3,2716.9,2663.2,2675.8,2697.3
2024-12-16,2668.0,2683.5,2661.4,2670.0,2691.5
2024-12-17,2669.9,2675.8,2645.9,2662.0,2683.7
2024-12-18,2663.5,2667.6,2598.2,2653.3,2675.5
2024-12-19,2599.7,2641.0,2596.7,2608.1,2630.0
2024-12-20,2610.3,2653.8,2602.9,2645.1,2667.0
2024-12-23,2639.2,2646.8,2623.1,2628.2,2650.5
2024-12-24,2629.3,2635.8,2624.1,2635.5,2658.1
2024-12-26,2635.5,2655.9,2634.1,2653.9,2677.1
2024-12-27,2654.3,2654.6,2625.4,2631.9,2655.2
2024-12-30,2636.2,2641.1,2608.0,2618.1,2642.0
2024-12-31,2620.2,2642.1,2614.2,2641.0,2666.0
2025-01-02,2639.2,2674.2,2636.1,2669.0,2693.5
2025-01-03,2671.5,2680.9,2649.6,2654.7,2679.5
2025-01-06,2652.7,2663.9,2624.6,2647.4,2672.0
2025-01-07,2647.7,2678.4,2643.6,2665.4,2690.3
2025-01-08,2664.2,2687.0,2658.2,2672.4,2698.3
2025-01-09,2680.0,2696.8,2673.8,2690.8,2717.1
2025-01-10,2692.7,2735.0,2686.9,2715.0,2742.6
2025-01-13,2716.8,2723.9,2675.0,2678.6,2706.1
2025-01-14,2681.3,2693.8,2671.7,2682.3,2710.1
2025-01-15,2700.4,2722.8,2685.4,2717.8,2743.9
2025-01-16,2722.5,2757.9,2720.3,2750.9,2776.5
2025-01-17,2746.9,2759.1,2728.9,2748.7,2775.0
2025-01-20,2739.9,2762.1,2715.4,2759.2,2785.6
2025-01-22,2758.6,2774.3,2756.2,2770.9,2797.4
2025-01-23,2766.8,2767.1,2741.0,2765.0,2791.9
2025-01-24,2761.9,2794.8,2761.1,2778.9,2806.6
2025-01-27,2778.1,2778.9,2731.9,2738.4,2766.2
2025-01-28,2742.0,2774.0,2737.4,2767.5,2794.6
2025-01-29,2770.4,2778.0,2760.9,2769.8,2793.5
2025-01-30,2797.0,2853.2,2794.8,2845.2,2869.9
2025-01-31,2852.7,2862.8,2826.0,2835.0,2859.6
2025-02-03,2845.3,2871.8,2802.2,2857.1,2881.2
2025-02-04,2850.4,2876.9,2837.9,2875.8,2900.7
2025-02-05,2874.3,2906.1,2870.1,2893.0,2918.4
2025-02-06,2884.6,2894.2,2855.0,2876.7,2902.4
2025-02-07,2880.2,2910.7,2876.0,2887.6,2913.9
2025-02-10,2884.8,2938.2,2880.3,2934.4,2961.3
2025-02-11,2937.0,2968.5,2907.1,2932.6,2960.5
2025-02-12,2927.0,2936.4,2886.4,2928.7,2956.4
2025-02-13,2929.1,2958.7,2925.8,2945.4,2973.2
2025-02-14,2957.3,2964.2,2889.9,2900.7,2928.3
2025-02-17,2895.1,2956.5,2887.6,2949.0,2976.8
2025-02-19,2953.7,2964.1,2933.7,2936.1,2963.6
2025-02-20,2950.4,2973.5,2939.5,2956.1,2983.3
2025-02-21,2956.7,2964.7,2930.1,2953.2,2980.7
2025-02-24,2950.1,2974.5,2936.8,2963.2,2991.1
2025-02-25,2968.8,2970.4,2897.9,2918.8,2946.8
2025-02-26,2929.5,2941.9,2903.2,2930.6,2958.9
2025-02-27,2932.4,2935.6,2879.0,2895.9,2923.9
2025-02-28,2889.2,2895.9,2844.3,2848.5,2876.1
2025-03-03,2871.3,2906.6,2866.3,2901.1,2929.2
2025-03-04,2906.2,2939.8,2892.6,2920.6,2948.8
2025-03-05,2928.5,2941.2,2903.4,2926.0,2954.4
2025-03-06,2928.7,2936.0,2897.8,2926.6,2955.2
2025-03-07,2919.7,2938.7,2905.2,2914.1,2942.9
2025-03-10,2919.6,2926.5,2884.4,2899.4,2927.5
2025-03-11,2893.1,2929.3,2882.7,2920.9,2949.0
2025-03-12,2922.6,2948.9,2911.2,2946.8,2974.8
2025-03-13,2943.4,3001.4,2941.8,2991.3,3019.5
2025-03-14,3001.5,3017.3,2988.7,3001.1,3028.9
2025-03-17,2994.6,3010.9,2991.3,3006.1,3034.1
2025-03-18,3010.0,3047.5,3008.2,3040.8,3068.9
2025-03-19,3041.7,3061.3,3031.4,3041.2,3069.1
2025-03-20,3057.6,3065.5,3032.5,3043.8,3071.3
2025-03-21,3053.0,3055.0,3004.0,3021.4,3048.4
2025-03-24,3027.9,3038.4,3007.7,3015.6,3044.0
2025-03-25,3017.1,3042.2,3011.0,3025.9,3054.3
2025-03-26,3026.1,3036.0,3017.8,3022.5,3052.3
2025-03-27,3026.4,3071.3,3022.3,3061.0,3090.9
2025-03-28,3099.7,3124.4,3096.5,3114.3,3139.4
2025-03-31,3118.8,3161.1,3112.5,3150.3,3175.2
2025-04-01,3157.1,3177.3,3130.4,3146.0,3171.3
2025-04-02,3149.2,3201.3,3135.1,3166.2,3192.3
2025-04-03,3196.6,3197.0,3073.8,3121.7,3147.8
2025-04-04,3140.8,3160.4,3032.5,3035.4,3060.3
2025-04-07,3054.5,3082.3,2970.6,2973.6,2998.0
2025-04-08,2998.9,3038.0,2988.5,2990.2,3015.2
2025-04-09,2998.0,3118.4,2983.0,3079.4,3105.2
2025-04-10,3099.6,3195.2,3085.9,3177.5,3203.8
2025-04-11,3194.1,3262.9,3192.2,3244.6,3272.1
2025-04-14,3246.7,3261.5,3209.1,3226.3,3253.1
2025-04-15,3226.3,3250.9,3224.5,3240.4,3267.5
2025-04-16,3247.0,3358.4,3245.3,3346.4,3375.1
2025-04-17,3355.8,3372.1,3296.4,3328.4,3357.1
2025-04-21,3345.8,3442.4,3343.3,3425.3,3454.6
2025-04-22,3435.2,3509.4,3379.1,3419.4,3448.7
2025-04-23,3370.0,3396.1,3270.8,3294.1,3322.6
2025-04-24,3300.0,3376.8,3300.0,3348.6,3377.9
2025-04-25,3362.0,3384.0,3274.8,3298.4,3327.2
2025-04-28,3336.5,3363.6,3277.8,3347.7,3376.8
2025-04-29,3354.3,3359.7,3309.1,3333.6,3362.5
2025-04-30,3325.5,3337.7,3275.7,3319.1,3347.9
2025-05-01,3299.7,3300.5,3209.5,3222.2,3250.3
2025-05-02,3247.7,3276.9,3229.5,3243.3,3271.7
2025-05-05,3247.0,3346.8,3243.5,3322.3,3351.1
2025-05-06,3345.3,3444.4,3332.2,3422.8,3452.1
2025-05-07,3446.5,3448.0,3367.2,3391.9,3421.2
2025-05-08,3372.9,3422.0,3293.4,3306.0,3334.7
2025-05-09,3310.3,3353.0,3279.1,3344.0,3372.6
2025-05-12,3292.1,3295.8,3211.1,3228.0,3256.1
2025-05-13,3241.9,3270.4,3220.0,3247.8,3275.9
2025-05-14,3254.0,3261.0,3171.3,3188.3,3216.0
2025-05-15,3181.1,3244.8,3123.4,3226.6,3254.1
2025-05-16,3243.7,3255.9,3156.5,3187.2,3214.4
2025-05-19,3219.8,3253.1,3208.2,3233.5,3261.4
2025-05-20,3232.6,3298.4,3207.0,3284.6,3312.6
2025-05-21,3292.9,3327.1,3286.7,3313.5,3341.9
2025-05-22,3316.8,3346.7,3277.8,3295.0,3323.6
2025-05-23,3294.9,3366.6,3285.6,3365.8,3394.5
2025-05-26,3356.0,3358.0,3283.4,3300.4,3328.3
2025-05-28,3300.3,3324.5,3274.0,3294.9,3322.4
2025-05-29,3311.3,3356.1,3268.6,3343.9,3398.4
2025-05-30,3340.6,3347.0,3294.9,3315.4,3369.6
2025-06-02,3322.0,3408.4,3319.5,3397.2,3452.4
2025-06-03,3406.0,3417.7,3357.2,3377.1,3433.1
2025-06-04,3377.5,3409.7,3366.8,3399.2,3455.4
2025-06-05,3398.5,3427.7,3362.3,3375.1,3430.8
2025-06-06,3378.0,3398.2,3328.8,3346.6,3402.7
2025-06-09,3333.0,3359.0,3313.1,3354.9,3410.6
2025-06-10,3346.7,3370.2,3321.3,3343.4,3399.4
2025-06-11,3342.5,3382.3,3335.4,3343.7,3399.5
2025-06-12,3377.0,3419.8,3358.6,3402.4,3457.5
2025-06-13,3406.1,3467.9,3399.8,3452.8,3508.6
2025-06-16,3472.5,3476.0,3401.4,3417.3,3472.9
2025-06-17,3404.0,3422.9,3384.2,3406.9,3462.6
2025-06-18,3408.1,3408.1,3408.1,3408.1,3463.6
2025-06-19,3386.6,3405.1,3356.1,3385.7,3441.0
2025-06-23,3400.0,3413.0,3361.9,3395.0,3450.2
2025-06-24,3384.4,3385.6,3308.7,3333.9,3389.1
2025-06-25,3338.5,3351.4,3325.5,3343.1,3398.5
2025-06-26,3346.9,3363.9,3322.5,3348.0,3403.4
2025-06-27,3341.0,3341.9,3266.5,3287.6,3342.7
2025-06-30,3284.0,3321.8,3250.1,3307.7,3362.9
2025-07-01,3315.0,3370.3,3313.5,3349.8,3405.1
2025-07-02,3350.4,3370.7,3337.1,3359.7,3415.2
2025-07-03,3368.5,3376.6,3321.3,3342.9,3398.8
2025-07-04,3344.8,3352.6,3304.7,3342.8,3398.7
2025-07-08,3346.8,3355.8,3295.6,3316.9,3372.6
2025-07-09,3311.1,3325.7,3290.0,3321.0,3376.3
2025-07-10,3324.1,3339.8,3319.0,3325.7,3381.0
2025-07-11,3332.5,3381.6,3332.2,3364.0,3419.5
2025-07-14,3374.9,3389.3,3348.4,3359.1,3415.3
2025-07-15,3352.9,3375.5,3327.3,3336.7,3392.9
2025-07-16,3331.3,3385.7,3326.0,3359.1,3415.2
2025-07-17,3354.5,3358.3,3314.3,3345.3,3401.3
2025-07-18,3345.4,3368.0,3337.0,3358.3,3414.1
2025-07-21,3356.3,3417.0,3350.8,3406.4,3462.9
2025-07-22,3410.7,3447.5,3394.8,3443.7,3501.8
2025-07-23,3444.9,3451.6,3390.6,3397.6,3455.1
2025-07-24,3398.3,3401.0,3355.2,3373.5,3431.1
2025-07-25,3372.5,3376.5,3325.4,3335.6,3392.5
2025-07-28,3323.0,3345.3,3300.1,3310.0,3366.8
2025-07-29,3313.3,3332.4,3305.9,3324.0,3381.2
2025-07-30,3383.0,3389.7,3319.3,3352.8,3380.0
2025-07-31,3328.0,3366.7,3324.9,3348.6,3376.1
2025-08-01,3343.3,3416.8,3331.4,3399.8,3426.8
2025-08-04,3416.5,3439.5,3397.2,3426.4,3453.5
2025-08-05,3429.1,3444.9,3403.3,3434.7,3462.1
2025-08-06,3435.1,3440.5,3411.9,3433.4,3460.7
2025-08-07,3431.9,3483.5,3430.5,3453.7,3481.1
2025-08-08,3486.0,3533.6,3445.0,3491.3,3518.2
2025-08-11,3458.1,3466.5,3393.0,3404.7,3433.0
2025-08-12,3393.9,3410.9,3378.6,3399.0,3427.3
2025-08-13,3400.0,3422.6,3392.3,3408.3,3436.6
2025-08-14,3407.1,3423.8,3375.6,3383.2,3411.0
2025-08-15,3382.3,3394.9,3377.8,3382.6,3410.1
2025-08-18,3381.9,3403.8,3368.0,3378.0,3405.5
2025-08-19,3378.2,3389.5,3357.6,3358.7,3385.8
2025-08-20,3358.5,3394.1,3353.3,3388.5,3415.8
2025-08-21,3392.2,3394.6,3367.4,3381.6,3409.2
2025-08-22,3383.4,3423.6,3363.0,3418.5,3446.0
2025-08-25,3417.5,3421.6,3405.5,3417.5,3445.1
2025-08-26,3411.3,3443.3,3396.1,3433.0,3461.0
2025-08-27,3442.8,3452.5,3421.2,3448.6,3477.0
2025-08-28,3451.9,3478.8,3442.4,3474.3,3502.3
2025-08-29,3476.7,3518.5,3463.0,3516.1,3544.6
2025-09-01,3518.0,3602.7,3506.0,3592.2,3620.9
2025-09-03,3599.4,3640.8,3592.1,3635.5,3664.5
2025-09-04,3619.5,3621.5,3574.0,3606.7,3635.8
2025-09-05,3602.5,3655.5,3595.1,3653.3,3682.1
2025-09-08,3635.4,3685.5,3621.7,3677.4,3706.0
2025-09-09,3678.2,3715.2,3663.6,3682.2,3710.8
2025-09-10,3662.9,3697.8,3652.2,3682.0,3710.6
2025-09-11,3681.9,3687.6,3650.0,3673.6,3701.8
2025-09-12,3673.6,3695.7,3667.2,3686.4,3715.0
2025-09-15,3680.3,3724.7,3662.8,3719.0,3747.7
2025-09-16,3719.8,3739.8,3711.6,3725.1,3753.9
2025-09-17,3727.9,3743.9,3679.8,3717.8,3746.8
2025-09-18,3693.6,3707.4,3660.4,3678.3,3707.1
2025-09-19,3678.1,3719.6,3664.2,3705.8,3734.8
2025-09-22,3720.1,3783.5,3717.7,3775.1,3804.5
2025-09-23,3781.0,3824.6,3772.5,3815.7,3845.7
2025-09-24,3797.7,3812.6,3749.7,3768.1,3798.1
2025-09-25,3768.4,3792.1,3752.0,3771.1,3801.5
2025-09-26,3780.8,3814.5,3764.2,3809.0,3839.6
2025-09-29,3789.0,3863.7,3785.6,3855.2,3886.6
2025-09-30,3862.9,3899.5,3820.4,3873.2,3904.6
2025-10-01,3886.8,3922.8,3880.3,3897.5,3929.1
2025-10-02,3893.4,3922.8,3842.6,3868.1,3899.1
2025-10-03,3880.1,3916.5,3861.1,3908.9,3940.1
2025-10-06,3913.7,3994.4,3909.0,3976.3,4008.4
2025-10-07,3984.4,4014.6,3963.5,4004.4,4036.8
2025-10-08,4008.1,4081.0,4005.7,4070.5,4103.5
2025-10-09,4061.9,4077.8,3957.3,3972.6,4004.7
2025-10-10,3991.9,4039.0,3961.6,4000.4,4032.7
2025-10-13,4020.0,4137.0,4011.5,4133.0,4166.4
2025-10-14,4131.0,4191.8,4105.4,4163.4,4196.9
2025-10-15,4159.6,4235.8,4157.4,4201.6,4235.4
2025-10-16,4225.0,4346.9,4214.5,4304.6,4339.2
2025-10-17,4347.0,4392.0,4196.7,4213.3,4247.1
2025-10-20,4268.6,4398.0,4228.9,4359.4,4394.6
2025-10-21,4372.6,4393.5,4092.3,4109.1,4142.2
2025-10-22,4138.0,4174.6,4021.0,4065.4,4098.6
2025-10-23,4115.8,4171.5,4081.1,4145.6,4179.3
2025-10-24,4143.2,4159.0,4056.1,4137.8,4171.5
2025-10-27,4107.7,4124.0,3986.0,4019.7,4052.6
2025-10-28,3998.5,4034.1,3901.4,3983.1,4015.5
2025-10-29,3967.6,4046.8,3930.7,4000.7,4033.7
2025-10-30,3943.0,4041.3,3924.6,4015.9,4049.3
2025-10-31,4038.2,4059.7,3982.5,3996.5,4029.5
2025-11-03,4001.2,4043.4,3971.7,4014.0,4047.4
2025-11-04,4013.8,4017.9,3936.9,3960.5,3993.4
2025-11-05,3941.5,4000.7,3935.4,3992.9,4026.2
2025-11-06,3991.9,4028.9,3973.1,3991.0,4024.2
2025-11-07,3986.0,4035.8,3981.5,4009.8,4043.3
2025-11-10,4007.4,4124.2,4004.9,4122.0,4156.3
2025-11-11,4125.0,4154.9,4102.8,4116.3,4150.8
2025-11-12,4133.3,4218.5,4104.4,4213.6,4248.8
2025-11-13,4203.0,4250.0,4148.4,4194.5,4230.8
2025-11-14,4174.9,4215.1,4032.1,4094.2,4129.5
2025-11-17,4084.2,4108.0,4006.7,4074.5,4109.8
2025-11-18,4045.4,4083.7,3997.4,4066.5,4101.7
2025-11-19,4067.6,4134.3,4055.6,4082.8,4118.2
2025-11-20,4078.8,4109.8,4035.0,4060.0,4095.7
2025-11-21,4075.0,4101.1,4019.0,4079.5,4116.0
2025-11-24,4069.2,4138.5,4035.7,4094.2,4130.8
2025-11-25,4133.8,4156.2,4106.1,4140.0,4177.3
2025-11-26,4166.7,4208.9,4163.7,4202.3,4231.8
2025-11-27,4198.0,4263.2,4174.6,4254.9,4284.8
2025-12-01,4258.6,4299.5,4241.0,4274.8,4305.7
2025-12-02,4265.1,4269.2,4193.5,4220.8,4251.5
2025-12-03,4239.0,4273.3,4225.0,4232.5,4263.2
2025-12-04,4234.6,4250.7,4203.4,4243.0,4273.4
2025-12-05,4238.0,4290.6,4221.4,4243.0,4273.8
2025-12-08,4228.5,4247.9,4204.0,4217.7,4248.6
2025-12-09,4219.8,4251.5,4197.4,4236.2,4267.4
2025-12-10,4236.7,4268.9,4208.0,4224.7,4255.6
2025-12-11,4258.4,4317.0,4231.4,4313.0,4344.4
2025-12-12,4309.4,4387.5,4286.3,4328.3,4360.0
2025-12-15,4330.2,4384.2,4315.6,4335.2,4367.0
2025-12-16,4335.3,4367.7,4297.3,4332.3,4363.9
2025-12-17,4332.8,4383.1,4330.8,4373.9,4405.5
2025-12-18,4371.6,4409.5,4338.0,4364.5,4395.9
2025-12-19,4364.3,4389.0,4336.3,4387.3,4418.8
2025-12-22,4369.2,4484.5,4368.1,4469.4,4501.6
2025-12-23,4481.0,4530.6,4458.7,4505.7,4538.1
2025-12-24,4517.6,4555.0,4474.0,4502.8,4535.1
2025-12-26,4517.6,4584.0,4517.6,4552.7,4585.7
2025-12-29,4567.6,4581.2,4319.4,4343.6,4375.7
2025-12-30,4349.9,4420.5,4338.5,4386.3,4418.9
2025-12-31,4352.4,4385.0,4284.5,4341.1,4373.9
2026-01-02,4338.1,4415.0,4319.5,4329.6,4361.9
2026-01-05,4367.1,4467.5,4354.8,4451.5,4484.1
2026-01-06,4460.7,4508.2,4437.5,4496.1,4529.1
2026-01-07,4505.1,4512.2,4433.0,4462.5,4495.3
2026-01-08,4467.4,4489.1,4415.2,4460.7,4493.9
2026-01-09,4489.4,4526.9,4461.8,4500.9,4534.7
2026-01-12,4528.0,4640.5,4521.0,4614.7,4649.2
2026-01-13,4610.5,4644.0,4576.6,4599.1,4633.5
2026-01-14,4594.8,4651.6,4594.6,4635.7,4670.1
2026-01-15,4635.5,4639.3,4584.2,4623.7,4657.7
2026-01-16,4620.0,4625.3,4539.3,4595.4,4629.4
2026-01-19,4627.0,4772.1,4623.9,4765.8,4800.8
2026-01-21,4769.1,4890.9,4756.7,4837.5,4873.1
2026-01-22,4837.0,4944.2,4772.6,4913.4,4949.4
2026-01-23,4940.4,4991.6,4901.2,4979.7,5017.0
2026-01-26,5007.7,5107.9,4983.4,5082.5,5122.3
2026-01-27,5000.0,5190.8,4990.8,5082.6,5120.6
2026-01-28,5180.3,5415.6,5154.1,5303.6,5340.2
2026-01-29,5449.3,5626.7,5130.0,5354.8,5395.8
2026-01-30,5410.2,5480.7,4700.0,4745.1,4780.7
2026-02-02,4835.1,4906.3,4424.0,4652.6,4686.4
2026-02-03,4685.3,5018.3,4685.2,4935.0,4971.4
2026-02-04,4969.7,5114.0,4868.4,4950.8,4987.6
2026-02-05,4987.0,5045.0,4778.5,4889.5,4925.0
2026-02-06,4804.2,4995.9,4670.1,4979.8,5017.0
2026-02-09,5001.4,5111.8,4987.9,5079.4,5117.8
2026-02-10,5085.2,5102.7,5011.0,5031.0,5069.0
2026-02-11,5048.9,5144.4,5039.6,5098.5,5137.2
2026-02-12,5109.3,5123.5,4899.7,4948.4,4986.1
2026-02-13,4947.4,5069.4,4907.2,5046.3,5083.9
2026-02-16,5053.8,5079.0,4854.9,4905.9,4942.5
2026-02-18,4897.5,5032.3,4868.9,5009.5,5046.9
2026-02-19,4994.2,5042.9,4970.0,4997.4,5035.1
2026-02-20,5018.5,5131.1,4999.1,5080.9,5119.6
2026-02-23,5128.9,5257.2,5121.6,5225.6,5265.5
2026-02-24,5247.8,5269.3,5110.6,5176.3,5215.8
2026-02-25,5161.5,5237.2,5138.2,5226.2,5266.1
2026-02-26,5175.1,5221.7,5145.2,5194.2,5233.7
2026-02-27,5202.4,5298.8,5182.7,5247.9,5287.6
2026-03-02,5346.4,5434.4,5273.1,5311.6,5351.7
2026-03-03,5335.0,5394.5,5005.0,5123.7,5162.2
2026-03-04,5105.0,5218.2,5093.4,5134.7,5173.3
2026-03-05,5158.8,5204.5,5057.1,5078.7,5117.0
2026-03-06,5096.4,5184.4,5070.5,5158.7,5197.9
2026-03-09,5186.2,5209.6,5020.8,5103.7,5142.7
2026-03-10,5150.1,5248.7,5126.0,5242.1,5281.5
2026-03-11,5199.0,5231.2,5156.0,5179.1,5218.1
2026-03-12,5183.9,5197.9,5058.1,5125.8,5163.8
2026-03-13,5084.0,5132.4,5014.3,5061.7,5098.9
2026-03-16,5010.0,5044.5,4970.4,5002.2,5039.4
2026-03-17,5014.7,5049.4,4977.3,5008.2,5045.6
2026-03-18,5010.5,5021.3,4809.4,4896.2,4932.9
2026-03-19,4828.4,4868.5,4504.4,4605.7,4640.5
2026-03-20,4653.5,4738.2,4478.0,4574.9,4609.6
2026-03-23,4462.6,4537.1,4100.0,4407.3,4439.5
2026-03-24,4409.9,4485.8,4306.0,4402.0,4434.1
2026-03-25,4476.0,4601.6,4458.2,4552.3,4585.5
2026-03-26,4499.9,4541.6,4348.4,4376.3,4409.0
2026-03-27,4375.0,4552.5,4369.4,4492.5,4524.3
2026-03-30,4517.8,4610.8,4445.4,4557.5,4591.7
2026-03-31,4540.7,4718.0,4510.0,4678.6,4713.6
2026-04-01,4697.7,4821.0,4688.4,4813.1,4849.8
2026-04-02,4784.0,4825.7,4580.3,4679.7,4715.6
2026-04-06,4675.8,4733.3,4625.6,4684.7,4720.5
2026-04-07,4678.0,4745.5,4631.6,4684.7,4720.5
2026-04-08,4745.6,4887.3,4720.0,4777.2,4814.1
2026-04-09,4744.4,4825.8,4717.8,4818.0,4855.5
2026-04-10,4792.5,4819.8,4753.2,4787.4,4824.6
2026-04-13,4711.8,4774.0,4625.1,4767.4,4804.4
2026-04-14,4766.6,4870.4,4765.6,4850.1,4887.8
2026-04-15,4863.4,4895.6,4808.6,4823.6,4860.8
2026-04-16,4813.6,4861.2,4792.5,4808.3,4845.3
2026-04-17,4811.1,4914.0,4787.5,4879.6,4916.5
2026-04-20,4812.5,4848.0,4756.2,4828.8,4865.4
2026-04-21,4840.3,4854.3,4686.4,4719.6,4755.4
2026-04-22,4739.7,4790.9,4732.5,4753.0,4789.0
2026-04-23,4759.3,4771.4,4680.3,4724.0,4759.8
2026-04-24,4711.1,4757.5,4672.0,4740.9,4776.3
2026-04-27,4717.8,4745.8,4681.6,4693.7,4728.8
2026-04-28,4697.9,4716.4,4567.5,4608.4,4642.9
2026-04-29,4610.0,4624.4,4522.2,4561.5,4595.6
2026-04-30,4557.6,4659.1,4551.0,4629.6,4664.5
2026-05-01,4636.4,4672.8,4570.3,4644.5,4679.9
2026-05-04,4642.9,4653.0,4510.2,4533.3,4568.1
2026-05-05,4532.7,4597.7,4522.6,4568.5,4603.1
2026-05-06,4568.7,4734.6,4555.9,4694.3,4729.9
2026-05-07,4702.0,4775.3,4690.0,4710.9,4746.9
2026-05-08,4690.0,4760.1,4673.6,4730.7,4766.6
2026-05-11,4701.3,4758.4,4655.5,4728.7,4764.4
2026-05-12,4746.0,4783.5,4645.3,4686.7,4721.9
2026-05-13,4722.6,4735.4,4676.1,4706.7,4741.7
2026-05-14,4696.8,4725.8,4649.3,4685.3,4719.9
2026-05-15,4655.4,4669.8,4514.0,4561.9,4595.5
2026-05-18,4548.7,4588.8,4482.7,4558.0,4591.8
2026-05-19,4572.0,4593.1,4467.2,4511.2,4544.5
2026-05-20,4484.7,4557.5,4454.9,4535.3,4569.1
2026-05-21,4546.4,4572.5,4488.5,4542.5,4576.6
2026-05-22,4544.5,4548.1,4490.0,4523.2,4556.4
2026-05-25,4530.2,4583.2,4480.1,4502.3,4535.0
2026-05-27,4504.0,4527.9,4398.4,4448.4,4481.5
2026-05-28,4487.7,4547.4,4395.8,4532.4,4597.0
2026-05-29,4527.7,4627.3,4519.1,4593.0,4659.5
2026-06-01,4574.5,4584.6,4477.0,4506.3,4572.2
2026-06-02,4516.0,4572.0,4492.2,4519.9,4585.6
2026-06-03,4520.0,4525.0,4453.3,4466.9,4532.0
2026-06-04,4465.1,4543.6,4450.1,4505.0,4570.4
2026-06-05,4502.4,4509.0,4336.5,4365.3,4429.0
2026-06-08,4354.0,4377.3,4292.6,4363.4,4427.3
2026-06-09,4354.8,4388.8,4260.0,4286.4,4349.6
2026-06-10,4281.9,4282.3,4089.8,4133.3,4194.5
2026-06-11,4090.1,4241.3,4046.0,4114.0,4174.0
2026-06-12,4233.8,4267.7,4190.7,4238.8,4300.4
2026-06-15,4287.4,4391.7,4283.1,4351.6,4414.3
2026-06-16,4331.3,4376.5,4326.7,4354.4,4417.3
2026-06-17,4353.2,4403.1,4237.6,4381.4,4444.8
2026-06-18,4275.0,4350.3,4220.1,4245.9,4308.5
2026-06-19,4228.0,4238.4,4139.2,4202.7,4265.4
2026-06-23,4209.8,4216.2,4108.2,4149.4,4210.9
2026-06-24,4129.0,4132.8,3975.8,4008.8,4068.1
2026-06-25,4018.1,4060.0,3976.5,4047.6,4107.5
2026-06-26,4042.2,4111.8,3998.1,4096.3,4156.9
2026-06-29,4102.6,4102.9,4012.5,4038.9,4098.8
2026-06-30,4030.8,4078.3,3955.3,4038.5,4098.5
2026-07-01,4024.0,4130.8,3973.1,4082.4,4142.9
2026-07-02,4048.0,4157.4,4042.9,4125.7,4186.6
2026-07-03,4187.6,4215.9,4140.5,4167.5,4228.6
2026-07-07,4177.1,4192.6,4102.4,4157.4,4218.3
2026-07-08,4110.0,4146.4,4032.3,4082.4,4142.1
2026-07-09,4088.5,4148.8,4063.3,4140.8,4201.4
2026-07-10,4134.6,4144.8,4081.3,4113.7,4173.6
2026-07-13,4107.0,4111.6,3992.9,4005.7,4063.6
2026-07-14,4008.7,4112.6,3990.1,4069.7,4127.9
2026-07-15,4058.7,4089.0,4023.2,4051.8,4109.3
2026-07-16,4069.3,4072.0,3973.7,3992.1,4048.7
2026-07-17,3981.9,4029.0,3962.9,4018.8,4075.8
2026-07-20,4006.4,4046.1,3986.6,4015.9,4073.0
2026-07-21,4010.6,4092.2,4003.1,4076.4,4134.2
2026-07-22,4082.9,4171.3,4080.5,4151.9,4210.3
2026-07-23,4132.0,4144.0,4042.3,4050.2,4108.8
2026-07-24,4052.9,4085.2,4023.4,4070.8,4129.7
2026-07-27,4095.0,4119.5,4067.0,4077.0,4136.4
2026-07-28,4080.5,4086.0,4011.1,4038.7,4098.6
2026-07-29,4031.5,4115.4,3993.4,4036.3,4097.0
2026-07-30,4126.5,4180.2,4084.6,4160.6,4193.4
2026-07-31,4162.6,4170.3,4076.5,4107.0,4139.7
2026-08-03,4134.2,4142.0,4074.0,4090.5,4123.0
2026-08-04,4109.6,4163.8,4097.9,4152.6,4185.8
2026-08-05,4134.8,4328.3,4121.7,4305.2,4339.8
2026-08-06,4307.5,4363.8,4280.8,4299.6,4334.2
2026-08-07,4298.6,4432.4,4287.2,4399.7,4435.3
2026-08-10,4400.0,4453.9,4373.7,4419.7,4455.3
2026-08-11,4450.5,4495.1,4415.8,4441.1,4477.1
2026-08-12,4429.8,4502.4,4421.3,4467.5,4503.4
2026-08-13,4469.0,4509.2,4400.0,4420.4,4455.7
2026-08-14,4409.6,4454.6,4365.2,4437.3,4472.7
2026-08-17,4439.3,4486.6,4422.3,4473.7,4509.2
2026-08-18,4473.7,4493.6,4383.5,4420.6,4455.4
2026-08-19,4389.8,4583.1,4376.5,4545.3,4581.2
2026-08-20,4580.7,4597.3,4506.1,4571.4,4606.8
2026-08-21,4574.5,4690.2,4565.2,4680.6,4717.3
2026-08-24,4672.5,4738.5,4651.6,4697.8,4734.9
2026-08-25,4709.1,4755.0,4658.7,4694.5,4731.5
2026-08-26,4717.1,4730.9,4637.9,4653.3,4689.9
2026-08-27,4649.9,4697.7,4616.4,4664.0,4700.8
2026-08-28,4656.9,4686.1,4494.9,4529.9,4566.4
2026-08-31,4483.5,4521.5,4445.5,4481.5,4517.5
2026-09-01,4497.1,4510.8,4368.8,4396.4,4431.7
2026-09-02,4376.2,4444.5,4329.3,4414.6,4450.1
2026-09-03,4434.8,4558.6,4426.6,4539.9,4576.2
2026-09-04,4521.5,4537.9,4411.4,4476.6,4512.6
2026-09-07,4466.7,4488.7,4385.1,4439.0,4474.5
2026-09-09,4398.9,4478.9,4384.3,4460.7,4496.5
2026-09-10,4447.5,4479.3,4354.8,4407.3,4442.9
2026-09-11,4359.6,4445.2,4333.4,4408.9,4445.1
2026-09-14,4374.5,4396.8,4293.2,4351.9,4387.6
2026-09-15,4340.3,4358.2,4301.4,4332.8,4368.8
2026-09-16,4333.5,4414.1,4273.1,4387.5,4424.0
2026-09-17,4303.6,4422.3,4294.3,4399.7,4436.7
2026-09-18,4381.3,4439.9,4371.2,4424.9,4462.1
2026-09-21,4412.7,4422.2,4360.6,4383.9,4420.7
2026-09-22,4382.3,4414.0,4327.5,4376.4,4413.0
2026-09-23,4393.7,4407.5,4310.7,4318.4,4354.8
2026-09-24,4323.0,4338.4,4278.2,4298.0,4334.0
2026-09-25,4310.0,4351.6,4289.1,4321.2,4357.6
2026-09-28,4315.0,4320.0,4143.0,4168.4,4203.5
2026-09-29,4150.1,4218.0,4145.0,4179.7,4214.9
