date,open,high,low,close,next_close
2019-05-06,26499,26499,25936,26405,26420
2019-05-07,26225,26393,25753,25973,25989
2019-05-08,25970,26077,25798,26014,26027
2019-05-09,25977,25995,25501,25816,25824
2019-05-10,25788,26015,25463,25964,25975
2019-05-13,25765,25814,25214,25281,25287
2019-05-14,25296,25677,25219,25570,25573
2019-05-15,25582,25714,25326,25674,25677
2019-05-16,25659,25954,25555,25867,25872
2019-05-17,25878,25948,25628,25780,25784
2019-05-20,25766,25901,25554,25696,25699
2019-05-21,25724,25895,25711,25875,25880
2019-05-22,25863,25906,25733,25771,25779
2019-05-23,25769,25781,25321,25463,25470
2019-05-24,25489,25663,25458,25620,25624
2019-05-27,25609,25717,25330,25369,25377
2019-05-29,25353,25376,24938,25109,25115
2019-05-30,25108,25216,25058,25190,25194
2019-05-31,25182,25191,24788,24820,24823
2019-06-03,24745,24937,24610,24869,24869
2019-06-04,24913,25366,24826,25346,25343
2019-06-05,25351,25572,25344,25558,25558
2019-06-06,25550,25807,25438,25745,25744
2019-06-07,25704,26084,25683,26007,26006
2019-06-10,26109,26281,26048,26086,26090
2019-06-11,26099,26262,26009,26065,26067
2019-06-12,26070,26100,25962,26012,26013
2019-06-13,26018,26153,25891,26117,26121
2019-06-14,26134,26176,25996,26123,26128
2019-06-17,26137,26208,26057,26131,26138
2019-06-18,26154,26550,26075,26504,26489
2019-06-19,26495,26588,26362,26536,26522
2019-06-20,26519,26812,26516,26774,26750
2019-06-21,26759,26921,26675,26697,26671
2019-06-24,26676,26815,26671,26762,26740
2019-06-25,26751,26825,26537,26562,26535
2019-06-26,26558,26703,26509,26550,26526
2019-06-27,26523,26665,26446,26546,26525
2019-06-28,26576,26672,26522,26593,26568
2019-07-01,26757,26900,26609,26700,26678
2019-07-02,26696,26806,26621,26797,26775
2019-07-03,26797,26981,26750,26970,26944
2019-07-04,26952,27005,26729,26885,26864
2019-07-08,26900,26929,26742,26793,26776
2019-07-09,26781,26807,26657,26779,26759
2019-07-10,26763,26984,26689,26860,26842
2019-07-11,26856,27092,26853,27077,27059
2019-07-12,27074,27328,27071,27309,27291
2019-07-15,27304,27397,27263,27342,27333
2019-07-16,27338,27397,27279,27328,27318
2019-07-17,27279,27375,27181,27231,27224
2019-07-18,27173,27302,27059,27201,27192
2019-07-19,27307,27401,27071,27130,27120
2019-07-22,27079,27215,27076,27176,27165
2019-07-23,27174,27358,27162,27324,27317
2019-07-24,27309,27346,27176,27237,27229
2019-07-25,27242,27349,27039,27096,27087
2019-07-26,27088,27192,27076,27149,27140
2019-07-29,27143,27254,27112,27198,27192
2019-07-30,27212,27251,27042,27164,27162
2019-07-31,27199,27257,26695,26855,26856
2019-08-01,26784,27148,26511,26543,26535
2019-08-02,26533,26664,26210,26449,26438
2019-08-05,26410,26460,25475,25550,25530
2019-08-06,25519,25998,25034,25924,25910
2019-08-07,25914,26033,25390,25940,25916
2019-08-08,25931,26373,25847,26365,26341
2019-08-09,26321,26394,26075,26268,26243
2019-08-12,26276,26353,25802,25867,25841
2019-08-13,25900,26408,25751,26314,26289
2019-08-14,26311,26347,25411,25455,25430
2019-08-15,25390,25706,25228,25575,25548
2019-08-16,25598,25930,25576,25907,25878
2019-08-19,25927,26237,25920,26118,26090
2019-08-20,26121,26197,25882,25931,25903
2019-08-21,25902,26267,25875,26226,26203
2019-08-22,26259,26375,26086,26225,26199
2019-08-23,26215,26349,25492,25670,25640
2019-08-26,25507,25984,25269,25943,25916
2019-08-27,25924,26065,25712,25744,25715
2019-08-28,25772,26044,25620,26037,26005
2019-08-29,25963,26407,25930,26378,26346
2019-08-30,26349,26559,26298,26406,26382
2019-09-02,26319,26371,25977,26122,26100
2019-09-04,26097,26390,26085,26372,26349
2019-09-05,26370,26845,26354,26701,26681
2019-09-06,26695,26867,26662,26808,26788
2019-09-09,26817,26914,26773,26840,26822
2019-09-10,26842,26923,26723,26894,26877
2019-09-11,26905,27170,26849,27144,27127
2019-09-12,27142,27319,27110,27198,27184
2019-09-13,27193,27323,27193,27218,27214
2019-09-16,27145,27178,27015,27084,27080
2019-09-17,27116,27136,26983,27110,27086
2019-09-18,27110,27189,26900,27143,27127
2019-09-19,27168,27262,26992,27078,27065
2019-09-20,27083,27175,26875,26894,26890
2019-09-23,26911,27045,26803,26963,26953
2019-09-24,27013,27103,26685,26818,26808
2019-09-25,26844,27002,26714,26958,26946
2019-09-26,26969,27042,26782,26892,26878
2019-09-27,26888,26991,26689,26796,26781
2019-09-30,26880,26969,26806,26901,26888
2019-10-01,26966,27040,26515,26521,26507
2019-10-02,26556,26616,25931,25985,25972
2019-10-03,26020,26184,25703,26180,26160
2019-10-04,26170,26548,25977,26525,26510
2019-10-07,26380,26616,26333,26439,26424
2019-10-08,26421,26549,26093,26138,26121
2019-10-09,26137,26401,26085,26305,26288
2019-10-10,26331,26597,25980,26484,26467
2019-10-11,26562,26974,26498,26775,26764
2019-10-14,26772,26894,26636,26746,26736
2019-10-15,26748,27078,26747,27002,26993
2019-10-16,27016,27016,26891,26940,26930
2019-10-17,26955,27088,26876,26993,26986
2019-10-18,27001,27023,26727,26754,26746
2019-10-21,26726,26836,26704,26797,26789
2019-10-22,26799,26906,26715,26763,26751
2019-10-23,26739,26852,26588,26802,26790
2019-10-24,26804,26871,26660,26780,26766
2019-10-25,26759,26967,26711,26904,26891
2019-10-28,26930,27119,26925,27053,27040
2019-10-29,27052,27111,26967,27042,27033
2019-10-30,27043,27234,26941,27132,27120
2019-10-31,27175,27175,26846,26982,26970
2019-11-01,26982,27280,26957,27259,27247
2019-11-04,27287,27450,27280,27380,27371
2019-11-05,27371,27494,27367,27421,27412
2019-11-06,27412,27469,27341,27430,27418
2019-11-07,27440,27738,27391,27667,27655
2019-11-08,27678,27714,27542,27631,27622
2019-11-11,27614,27674,27471,27658,27646
2019-11-12,27666,27731,27594,27663,27654
2019-11-13,27636,27773,27524,27761,27751
2019-11-14,27765,27806,27633,27746,27735
2019-11-15,27746,27971,27737,27953,27944
2019-11-18,27960,28058,27926,28008,27997
2019-11-19,28006,28129,27852,27895,27886
2019-11-20,27880,27880,27643,27800,27788
2019-11-21,27754,27845,27654,27748,27736
2019-11-22,27749,27868,27722,27862,27850
2019-11-25,27911,28044,27903,28039,28030
2019-11-26,28022,28150,27997,28130,28123
2019-11-27,28125,28172,28057,28148,28143
2019-11-28,28146,28154,28038,28073,28067
2019-12-02,28087,28197,27760,27789,27778
2019-12-03,27779,27846,27311,27487,27478
2019-12-04,27479,27726,27398,27643,27630
2019-12-05,27645,27775,27558,27678,27667
2019-12-06,27692,28039,27676,28014,28003
2019-12-09,28024,28051,27878,27902,27895
2019-12-10,27899,27961,27726,27921,27914
2019-12-11,27920,27980,27804,27924,27919
2019-12-12,27925,28239,27857,28131,28130
2019-12-13,28154,28299,28037,28168,28165
2019-12-16,28200,28345,28159,28253,28263
2019-12-17,28247,28345,28181,28284,28230
2019-12-18,28262,28334,28250,28281,28221
2019-12-19,28286,28425,28252,28401,28350
2019-12-20,28412,28525,28377,28482,28459
2019-12-23,28476,28582,28475,28550,28514
2019-12-24,28556,28588,28499,28508,28488
2019-12-26,28520,28625,28511,28619,28593
2019-12-27,28595,28721,28589,28610,28586
2019-12-30,28613,28661,28403,28440,28410
2019-12-31,28429,28554,28342,28508,28476
2020-01-02,28551,28870,28539,28841,28809
2020-01-03,28848,28891,28432,28602,28572
2020-01-06,28507,28700,28351,28642,28612
2020-01-07,28631,28737,28448,28526,28498
2020-01-08,28502,28832,28085,28770,28738
2020-01-09,28775,28952,28745,28929,28901
2020-01-10,28926,29023,28752,28777,28749
2020-01-13,28774,28907,28774,28871,28847
2020-01-14,28871,29015,28738,28934,28910
2020-01-15,28932,29089,28839,29029,29003
2020-01-16,29038,29263,29032,29240,29213
2020-01-17,29246,29362,29237,29279,29254
2020-01-20,29284,29318,29108,29179,29153
2020-01-22,29183,29313,29092,29140,29113
2020-01-23,29117,29150,28922,29127,29101
2020-01-24,29127,29242,28796,28933,28907
2020-01-27,28769,28769,28405,28481,28456
2020-01-28,28483,28780,28468,28710,28683
2020-01-29,28734,28888,28653,28710,28684
2020-01-30,28717,28843,28433,28791,28768
2020-01-31,28840,28882,28102,28196,28170
2020-02-03,28153,28573,28119,28361,28334
2020-02-04,28348,28847,28284,28789,28763
2020-02-05,28768,29278,28693,29241,29214
2020-02-06,29247,29474,29186,29328,29303
2020-02-07,29356,29368,29005,29044,29019
2020-02-10,29027,29250,28850,29245,29216
2020-02-11,29234,29396,29162,29229,29202
2020-02-12,29253,29538,29210,29523,29493
2020-02-13,29525,29541,29245,29432,29404
2020-02-14,29442,29520,29267,29395,29366
2020-02-17,29384,29475,29100,29211,29182
2020-02-19,29236,29397,29233,29337,29311
2020-02-20,29360,29434,28932,29171,29142
2020-02-21,29155,29176,28872,28981,28954
2020-02-24,28800,28800,27888,27968,27938
2020-02-25,27930,28234,26977,27117,27082
2020-02-26,27116,27518,26693,26914,26877
2020-02-27,26814,26976,25494,25552,25497
2020-02-28,25549,25771,24678,25364,25286
2020-03-02,25280,26710,24871,26468,26383
2020-03-03,26560,27067,25680,25880,25772
2020-03-04,25806,27077,25695,26965,26860
2020-03-05,26925,26976,25916,26060,25952
2020-03-06,26149,26281,25192,25789,25667
2020-03-09,25490,25490,23522,23877,23739
2020-03-10,23720,25021,23424,24849,24724
2020-03-11,24840,24914,23300,23575,23441
2020-03-12,23574,23851,20877,21085,20944
2020-03-13,20821,23145,20367,22988,22839
2020-03-16,22863,22888,20064,20399,20261
2020-03-17,20257,21247,19739,20860,20719
2020-03-18,20753,20843,18767,19853,19720
2020-03-19,19896,20394,18832,19875,19737
2020-03-20,19592,20880,18825,19040,18946
2020-03-23,18602,19804,18086,18497,18419
2020-03-24,18587,20716,18587,20608,20538
2020-03-25,20677,21889,20266,21026,20958
2020-03-26,21062,22455,20512,22348,22271
2020-03-27,22515,22540,21316,21437,21371
2020-03-30,21057,22239,20770,22167,22106
2020-03-31,22183,22388,21640,21751,21689
2020-04-01,21710,21710,20648,20740,20700
2020-04-02,20823,21375,20500,21273,21222
2020-04-03,21276,21354,20735,20957,20905
2020-04-06,20933,22662,20921,22488,22423
2020-04-07,22493,23487,22300,22491,22433
2020-04-08,22481,23396,22247,23246,23184
2020-04-09,23294,23891,23025,23618,23539
2020-04-13,23826,23954,22969,23309,23233
2020-04-14,23314,23921,23247,23880,23802
2020-04-15,23910,24090,23103,23391,23313
2020-04-16,23339,23768,23076,23407,23327
2020-04-17,24000,24327,23702,24159,24079
2020-04-20,24105,24202,23436,23488,23419
2020-04-21,23481,23682,22815,22929,22860
2020-04-22,22971,23538,22814,23356,23277
2020-04-23,23376,23773,23229,23337,23262
2020-04-24,23334,23715,23151,23658,23580
2020-04-27,23648,24104,23534,23999,23923
2020-04-28,24013,24438,23875,24045,23963
2020-04-29,24037,24684,23971,24566,24488
2020-04-30,24674,24794,24074,24230,24150
2020-05-01,24055,24077,23529,23619,23536
2020-05-04,23453,23658,23207,23571,23490
2020-05-05,23591,24057,23572,23761,23673
2020-05-06,23758,23993,23497,23513,23432
2020-05-07,23495,23999,23429,23843,23761
2020-05-08,23851,24326,23835,24286,24194
2020-05-11,24254,24471,23972,24124,24038
2020-05-12,24106,24294,23467,23574,23492
2020-05-13,23492,23779,22982,23166,23086
2020-05-14,23233,23593,22705,23534,23452
2020-05-15,23522,23678,23241,23517,23434
2020-05-18,23589,24639,23534,24507,24405
2020-05-19,24478,24765,24120,24158,24054
2020-05-20,24126,24582,24076,24519,24411
2020-05-21,24547,24660,24300,24376,24268
2020-05-22,24378,24508,24100,24424,24315
2020-05-25,24412,25128,24370,25002,24886
2020-05-27,25002,25575,24913,25534,25421
2020-05-28,25546,25794,25311,25457,25334
2020-05-29,25448,25499,24992,25378,25255
2020-06-01,25320,25519,25092,25463,25336
2020-06-02,25455,25719,25292,25701,25566
2020-06-03,25702,26340,25680,26228,26091
2020-06-04,26245,26369,26056,26253,26124
2020-06-05,26281,27325,26213,27072,26937
2020-06-08,27139,27562,27031,27527,27405
2020-06-09,27561,27624,27126,27264,27132
2020-06-10,27260,27487,26902,26961,26832
2020-06-11,26955,26998,25058,25165,25031
2020-06-12,25210,25950,25065,25536,25398
2020-06-15,25288,25882,24554,25805,25675
2020-06-16,25702,26659,25654,26193,26112
2020-06-17,26125,26492,25923,26025,25940
2020-06-18,26017,26148,25616,25899,25809
2020-06-19,25900,26320,25504,25529,25410
2020-06-22,25374,25992,25229,25953,25836
2020-06-23,25942,26293,25514,26020,25902
2020-06-24,25982,26124,25160,25393,25275
2020-06-25,25376,25659,25002,25596,25475
2020-06-26,25543,25651,24834,24950,24835
2020-06-29,24779,25546,24742,25497,25376
2020-06-30,25480,25772,25301,25689,25566
2020-07-01,25651,25894,25382,25575,25456
2020-07-02,25544,26088,25516,25759,25639
2020-07-03,25685,26200,25677,26179,26062
2020-07-07,26165,26280,25741,25770,25654
2020-07-08,25764,25998,25659,25969,25852
2020-07-09,25994,26030,25397,25571,25454
2020-07-10,25585,26010,25294,25977,25859
2020-07-13,26022,26524,25914,25968,25849
2020-07-14,25985,26576,25876,26491,26370
2020-07-15,26620,27064,26571,26765,26639
2020-07-16,26805,26856,26466,26553,26430
2020-07-17,26555,26724,26500,26520,26397
2020-07-20,26540,26655,26328,26633,26508
2020-07-21,26622,26916,26590,26726,26603
2020-07-22,26732,26927,26525,26884,26763
2020-07-23,26880,27057,26448,26543,26419
2020-07-24,26539,26614,26290,26322,26200
2020-07-27,26275,26523,26231,26484,26368
2020-07-28,26510,26598,26255,26297,26175
2020-07-29,26294,26499,26187,26440,26317
2020-07-30,26464,26472,25879,26218,26098
2020-07-31,26406,26469,25903,26319,26193
2020-08-03,26400,26601,26197,26558,26436
2020-08-04,26558,26743,26439,26717,26594
2020-08-05,26749,27113,26666,27055,26929
2020-08-06,27061,27303,26927,27285,27160
2020-08-07,27289,27370,27106,27333,27206
2020-08-10,27362,27713,27260,27679,27548
2020-08-11,27689,28067,27533,27614,27483
2020-08-12,27700,27963,27611,27866,27735
2020-08-13,27859,27934,27708,27823,27692
2020-08-14,27830,27911,27601,27792,27662
2020-08-17,27839,27926,27736,27775,27644
2020-08-18,27780,27904,27595,27717,27587
2020-08-19,27737,27854,27566,27632,27501
2020-08-20,27639,27717,27393,27669,27537
2020-08-21,27680,27904,27471,27859,27722
2020-08-24,27894,28267,27877,28239,28104
2020-08-25,28243,28479,28042,28193,28068
2020-08-26,28217,28339,28096,28312,28186
2020-08-27,28316,28589,28182,28468,28339
2020-08-28,28514,28720,28442,28611,28484
2020-08-31,28680,28786,28334,28416,28289
2020-09-01,28387,28656,28257,28622,28493
2020-09-02,28642,29150,28612,29090,28963
2020-09-03,29074,29181,28052,28351,28224
2020-09-04,28304,28593,27642,28074,27955
2020-09-07,28120,28404,27437,27525,27402
2020-09-09,27448,28195,27184,27972,27851
2020-09-10,27957,28160,27434,27545,27426
2020-09-11,27592,27827,27438,27612,27493
2020-09-14,27694,28088,27687,27993,27871
2020-09-15,27879,28126,27810,27908,27797
2020-09-16,27933,28251,27846,27937,27827
2020-09-17,27951,27995,27426,27819,27719
2020-09-18,27793,27880,27369,27602,27504
2020-09-21,27567,27663,26584,27055,26959
2020-09-22,27005,27210,26859,27143,27048
2020-09-23,27198,27391,26587,26685,26588
2020-09-24,26693,26972,26408,26715,26619
2020-09-25,26769,27119,26425,27043,26947
2020-09-28,27041,27600,27041,27482,27383
2020-09-29,27504,27620,27214,27408,27307
2020-09-30,27356,27905,27038,27664,27565
2020-10-01,27600,27960,27542,27689,27589
2020-10-02,27681,27742,27119,27565,27467
2020-10-05,27713,28042,27647,27995,27899
2020-10-06,28007,28233,27524,27700,27612
2020-10-07,27561,28249,27540,28179,28090
2020-10-08,28172,28453,28151,28310,28222
2020-10-09,28374,28573,28324,28518,28430
2020-10-12,28529,28846,28433,28798,28710
2020-10-13,28810,28822,28485,28585,28497
2020-10-14,28584,28727,28341,28414,28324
2020-10-15,28407,28454,28032,28386,28296
2020-10-16,28408,28733,28331,28408,28315
2020-10-19,28484,28669,28025,28100,28011
2020-10-20,28184,28466,28050,28182,28093
2020-10-21,28181,28376,28078,28134,28043
2020-10-22,28134,28313,27895,28268,28176
2020-10-23,28312,28392,28042,28189,28099
2020-10-26,28171,28171,27259,27581,27488
2020-10-27,27599,27713,27231,27365,27273
2020-10-28,27247,27270,26390,26409,26317
2020-10-29,26471,26803,26164,26557,26461
2020-10-30,26312,26530,25953,26394,26296
2020-11-02,26391,26942,26173,26796,26698
2020-11-03,26852,27535,26803,27376,27280
2020-11-04,27395,28193,26909,27735,27635
2020-11-05,27829,28390,27645,28297,28203
2020-11-06,28334,28458,27966,28204,28109
2020-11-09,28390,29999,28327,29048,28948
2020-11-10,29097,29389,28781,29319,29221
2020-11-11,29348,29574,29185,29311,29215
2020-11-12,29354,29369,28815,28992,28899
2020-11-13,29056,29484,28857,29410,29312
2020-11-16,29430,29999,29430,29865,29768
2020-11-17,29896,29901,29450,29720,29622
2020-11-18,29696,29895,29333,29391,29293
2020-11-19,29387,29475,29181,29443,29344
2020-11-20,29268,29440,29125,29212,29111
2020-11-23,29136,29621,29121,29546,29445
2020-11-24,29555,30067,29552,29998,29896
2020-11-25,30027,30166,29757,29828,29724
2020-11-26,29865,29978,29696,29874,29771
2020-11-30,29914,29968,29428,29629,29526
2020-12-01,29674,30060,29614,29804,29702
2020-12-02,29759,29907,29589,29868,29768
2020-12-03,29885,30092,29755,29932,29830
2020-12-04,29937,30218,29934,30198,30097
2020-12-07,30174,30265,29955,30057,29959
2020-12-08,29994,30237,29852,30170,30071
2020-12-09,30198,30330,29947,30063,29966
2020-12-10,30062,30149,29867,30010,29912
2020-12-11,30043,30088,29720,30033,29935
2020-12-14,30110,30327,29849,29865,29781
2020-12-15,29827,30158,29751,30114,29994
2020-12-16,30141,30233,29992,30074,29950
2020-12-17,30091,30250,30061,30202,30091
2020-12-18,30213,30280,29925,30113,29986
2020-12-21,30300,30331,29318,30113,29990
2020-12-22,30084,30150,29880,29912,29790
2020-12-23,29936,30183,29735,30034,29910
2020-12-24,30071,30150,29998,30109,29991
2020-12-28,30029,30418,29966,30305,30181
2020-12-29,30329,30502,30166,30238,30117
2020-12-30,30270,30415,30210,30302,30182
2020-12-31,30334,30526,30228,30497,30377
2021-01-04,30480,30693,29759,30104,29984
2021-01-05,30117,30395,29975,30285,30164
2021-01-06,30285,30911,30154,30720,30602
2021-01-07,30756,31087,30697,30942,30823
2021-01-08,30945,31148,30688,30993,30876
2021-01-11,30988,31032,30636,30902,30788
2021-01-12,30930,31013,30778,30974,30860
2021-01-13,30962,31063,30869,30959,30847
2021-01-14,30977,31116,30882,30909,30797
2021-01-15,30913,30958,30506,30720,30612
2021-01-18,30630,30982,30608,30828,30722
2021-01-20,30838,31134,30771,31096,30981
2021-01-21,31067,31188,31015,31082,30970
2021-01-22,31061,31085,30781,30909,30799
2021-01-25,30915,31014,30456,30868,30758
2021-01-26,30854,31018,30666,30842,30731
2021-01-27,30847,30885,30050,30189,30089
2021-01-28,30181,30842,29948,30507,30395
2021-01-29,30440,30522,29755,29879,29763
2021-02-01,29816,30235,29551,30110,29997
2021-02-02,30120,30738,30069,30586,30472
2021-02-03,30609,30709,30413,30627,30512
2021-02-04,30695,30987,30542,30950,30832
2021-02-05,30968,31150,30924,31042,30926
2021-02-08,31124,31297,31049,31268,31154
2021-02-09,31295,31341,31144,31278,31163
2021-02-10,31316,31451,31118,31328,31213
2021-02-11,31379,31466,31168,31359,31245
2021-02-12,31339,31422,31215,31397,31283
2021-02-15,31426,31662,31373,31458,31335
2021-02-17,31472,31588,31278,31549,31429
2021-02-18,31553,31640,31227,31431,31316
2021-02-19,31436,31583,31301,31433,31318
2021-02-22,31452,31593,31191,31466,31351
2021-02-23,31498,31617,31103,31492,31372
2021-02-24,31496,31968,31322,31916,31798
2021-02-25,31935,32034,31247,31371,31260
2021-02-26,31331,31457,30803,30912,30800
2021-03-01,30975,31638,30934,31509,31401
2021-03-02,31555,31588,31281,31358,31252
2021-03-03,31375,31610,31217,31236,31131
2021-03-04,31245,31435,30514,30878,30770
2021-03-05,30899,31545,30640,31465,31355
2021-03-08,31561,32113,31287,31776,31661
2021-03-09,31891,32119,31791,31811,31697
2021-03-10,31858,32373,31726,32279,32166
2021-03-11,32359,32642,32254,32479,32368
2021-03-12,32485,32821,32389,32772,32665
2021-03-15,32830,32967,32624,32957,32850
2021-03-16,32815,32869,32665,32724,32617
2021-03-17,32730,32937,32670,32904,32796
2021-03-18,32905,33115,32723,32765,32653
2021-03-19,32782,32869,32401,32503,32398
2021-03-22,32495,32689,32314,32619,32508
2021-03-23,32648,32686,32234,32306,32178
2021-03-24,32348,32668,32231,32319,32202
2021-03-25,32355,32568,31951,32501,32384
2021-03-26,32553,32983,32496,32954,32838
2021-03-29,32957,33133,32746,33032,32917
2021-03-30,33061,33128,32859,32925,32811
2021-03-31,32933,33046,32866,32898,32785
2021-04-01,32908,33060,32842,33037,32922
2021-04-05,33218,33504,33157,33415,33301
2021-04-06,33422,33453,33266,33315,33198
2021-04-07,33329,33407,33233,33328,33212
2021-04-08,33340,33465,33227,33390,33276
2021-04-09,33444,33694,33372,33682,33564
2021-04-12,33659,33687,33551,33631,33513
2021-04-13,33640,33711,33431,33570,33454
2021-04-14,33571,33800,33518,33624,33512
2021-04-15,33663,33962,33638,33923,33811
2021-04-16,33934,34144,33880,34081,33971
2021-04-19,34016,34048,33860,33958,33848
2021-04-20,33984,34068,33572,33703,33593
2021-04-21,33689,34041,33623,34016,33905
2021-04-22,33998,34039,33605,33709,33598
2021-04-23,33723,34056,33608,33941,33829
2021-04-26,33924,34045,33832,33877,33770
2021-04-27,33888,33974,33764,33883,33776
2021-04-28,33817,33868,33691,33724,33618
2021-04-29,33719,33978,33629,33951,33843
2021-04-30,33905,33945,33678,33767,33658
2021-05-03,33829,34116,33810,34008,33899
2021-05-04,33995,34047,33655,34020,33910
2021-05-05,34002,34220,33926,34118,34008
2021-05-06,34117,34460,34073,34442,34333
2021-05-07,34434,34741,34366,34686,34580
2021-05-10,34711,35001,34611,34668,34559
2021-05-11,34650,34731,33983,34183,34071
2021-05-12,34148,34226,33461,33508,33398
2021-05-13,33511,34093,33202,33938,33826
2021-05-14,33944,34390,33921,34318,34207
2021-05-17,34318,34372,34088,34256,34142
2021-05-18,34300,34422,33906,33996,33886
2021-05-19,33904,33998,33401,33831,33719
2021-05-20,33808,34184,33584,34028,33918
2021-05-21,34023,34369,34018,34153,34041
2021-05-24,34147,34428,34104,34352,34241
2021-05-25,34397,34483,34223,34271,34161
2021-05-26,34288,34418,34227,34280,34170
2021-05-27,34295,34576,34170,34437,34326
2021-05-28,34557,34638,34494,34513,34402
2021-05-31,34570,34827,34409,34550,34445
2021-06-02,34556,34695,34482,34590,34486
2021-06-03,34591,34656,34311,34567,34462
2021-06-04,34575,34755,34472,34742,34635
2021-06-07,34761,34825,34558,34616,34510
2021-06-08,34616,34652,34431,34586,34479
2021-06-09,34580,34645,34425,34437,34330
2021-06-10,34465,34732,34388,34461,34354
2021-06-11,34454,34613,34313,34462,34357
2021-06-14,34404,34558,34202,34381,34275
2021-06-15,34261,34365,34084,34117,34072
2021-06-16,34193,34209,33786,33905,33807
2021-06-17,33828,33969,33495,33693,33592
2021-06-18,33703,33753,33063,33155,33050
2021-06-21,33074,33809,32902,33761,33651
2021-06-22,33833,33926,33626,33835,33729
2021-06-23,33871,33962,33752,33759,33646
2021-06-24,33784,34177,33759,34082,33971
2021-06-25,34191,34385,34133,34333,34224
2021-06-28,34396,34410,34067,34164,34051
2021-06-29,34193,34362,34113,34170,34056
2021-06-30,34172,34451,34005,34399,34285
2021-07-01,34446,34554,34376,34514,34402
2021-07-02,34501,34714,34484,34677,34564
2021-07-05,34657,34755,34241,34460,34351
2021-07-07,34376,34595,34320,34568,34460
2021-07-08,34584,34594,34003,34294,34186
2021-07-09,34280,34784,34139,34751,34641
2021-07-12,34758,34906,34547,34875,34768
2021-07-13,34875,34915,34748,34776,34668
2021-07-14,34772,34946,34666,34816,34703
2021-07-15,34800,34879,34594,34864,34754
2021-07-16,34831,34975,34517,34564,34453
2021-07-19,34547,34575,33623,33839,33726
2021-07-20,33917,34502,33843,34400,34286
2021-07-21,34429,34738,34361,34689,34577
2021-07-22,34733,34789,34558,34709,34592
2021-07-23,34771,34992,34738,34951,34832
2021-07-26,34941,35067,34652,35034,34916
2021-07-27,35033,35048,34762,34953,34831
2021-07-28,34848,35019,34750,34834,34718
2021-07-29,34868,35059,34774,34974,34855
2021-07-30,34969,34998,34756,34832,34710
2021-08-02,34870,35081,34695,34721,34600
2021-08-03,34762,35008,34601,34998,34881
2021-08-04,34960,35000,34675,34690,34573
2021-08-05,34710,34949,34665,34943,34826
2021-08-06,34932,35139,34882,35091,34970
2021-08-09,35092,35112,34939,34998,34874
2021-08-10,35032,35175,34923,35155,35033
2021-08-11,35163,35394,35106,35372,35251
2021-08-12,35374,35440,35254,35402,35281
2021-08-13,35427,35519,35381,35420,35298
2021-08-16,35380,35548,35148,35534,35413
2021-08-17,35478,35517,35033,35259,35139
2021-08-18,35211,35285,34786,34887,34768
2021-08-19,34839,34934,34492,34818,34699
2021-08-20,34844,35119,34569,35058,34935
2021-08-23,35047,35375,35015,35281,35160
2021-08-24,35328,35403,35292,35314,35192
2021-08-25,35319,35445,35228,35360,35239
2021-08-26,35406,35442,35149,35160,35041
2021-08-27,35187,35426,35113,35403,35284
2021-08-30,35413,35465,35328,35352,35230
2021-08-31,35391,35483,35258,35340,35220
2021-09-01,35387,35494,35267,35290,35171
2021-09-02,35314,35460,35220,35424,35307
2021-09-03,35427,35505,35246,35353,35235
2021-09-06,35354,35476,35039,35091,34976
2021-09-08,35067,35162,34883,35012,34896
2021-09-09,35010,35193,34776,34870,34753
2021-09-10,34870,35112,34598,34607,34491
2021-09-13,34620,34935,34601,34870,34754
2021-09-14,34800,34906,34387,34464,34337
2021-09-15,34464,34763,34380,34701,34615
2021-09-16,34735,34827,34415,34626,34551
2021-09-17,34617,34710,34353,34462,34374
2021-09-20,34388,34415,33478,33839,33747
2021-09-21,33816,34236,33712,33798,33707
2021-09-22,33755,34319,33639,34129,34031
2021-09-23,34163,34748,34149,34644,34540
2021-09-24,34647,34734,34460,34674,34573
2021-09-27,34688,34934,34651,34743,34646
2021-09-28,34745,34853,34120,34175,34079
2021-09-29,34223,34451,34168,34265,34172
2021-09-30,34350,34554,33691,33722,33627
2021-10-01,33753,34356,33389,34167,34070
2021-10-04,34225,34293,33680,33870,33774
2021-10-05,33897,34364,33684,34183,34085
2021-10-06,34224,34325,33717,34291,34195
2021-10-07,34298,34853,34291,34638,34542
2021-10-08,34648,34752,34533,34626,34529
2021-10-11,34613,34829,34324,34376,34279
2021-10-12,34363,34486,34124,34260,34167
2021-10-13,34194,34347,33984,34257,34163
2021-10-14,34245,34854,34245,34784,34690
2021-10-15,34823,35199,34787,35171,35075
2021-10-18,35204,35229,34906,35133,35039
2021-10-19,35125,35364,35066,35323,35233
2021-10-20,35352,35540,35273,35477,35384
2021-10-21,35447,35537,35315,35480,35390
2021-10-22,35466,35646,35412,35557,35471
2021-10-25,35494,35669,35450,35620,35531
2021-10-26,35655,35778,35618,35644,35557
2021-10-27,35665,35714,35383,35389,35302
2021-10-28,35428,35682,35388,35613,35527
2021-10-29,35680,35750,35485,35704,35620
2021-11-01,35761,35892,35683,35800,35716
2021-11-02,35793,35971,35695,35938,35853
2021-11-03,35922,36070,35730,36035,35949
2021-11-04,36035,36077,35865,36009,35922
2021-11-05,35996,36376,35949,36215,36129
2021-11-08,36133,36446,36124,36312,36225
2021-11-09,36272,36324,36066,36209,36124
2021-11-10,36155,36255,35910,35992,35906
2021-11-11,35986,36063,35823,35829,35745
2021-11-12,35843,36063,35839,36013,35929
2021-11-15,36053,36177,35950,36009,35926
2021-11-16,36020,36238,35945,36061,35979
2021-11-17,36061,36106,35816,35867,35784
2021-11-18,35832,35960,35592,35811,35731
2021-11-19,35840,35987,35490,35549,35473
2021-11-22,35589,35880,35530,35571,35490
2021-11-23,35615,35792,35370,35766,35687
2021-11-24,35776,35788,35531,35749,35672
2021-11-25,35790,35899,34630,34858,34778
2021-11-29,34718,35245,34718,35077,35000
2021-11-30,35134,35234,34382,34457,34377
2021-12-01,34527,34984,33930,34002,33922
2021-12-02,34052,34738,34020,34622,34535
2021-12-03,34699,34795,34248,34566,34481
2021-12-06,34589,35345,34579,35212,35122
2021-12-07,35242,35808,35197,35713,35630
2021-12-08,35785,35925,35588,35746,35659
2021-12-09,35740,35859,35572,35753,35660
2021-12-10,35735,35995,35702,35967,35875
2021-12-13,35981,36122,35603,35645,35543
2021-12-14,35589,35682,35333,35448,35323
2021-12-15,35469,35859,35274,35816,35696
2021-12-16,35836,36098,35663,35791,35678
2021-12-17,35828,35876,35164,35252,35158
2021-12-20,35252,35326,34547,34813,34724
2021-12-21,34845,35412,34829,35381,35291
2021-12-22,35385,35663,35286,35632,35541
2021-12-23,35643,35946,35624,35832,35742
2021-12-27,35844,36204,35754,36178,36087
2021-12-28,36167,36407,36112,36282,36191
2021-12-29,36275,36461,36250,36381,36290
2021-12-30,36377,36571,36251,36291,36196
2021-12-31,36269,36371,36120,36226,36131
2022-01-03,36301,36473,36121,36455,36361
2022-01-04,36447,36803,36409,36675,36581
2022-01-05,36665,36832,36279,36291,36199
2022-01-06,36291,36418,36078,36123,36033
2022-01-07,36168,36265,35989,36107,36019
2022-01-10,36124,36171,35520,35952,35865
2022-01-11,35936,36154,35641,36128,36039
2022-01-12,36128,36331,36039,36160,36074
2022-01-13,36186,36389,35922,35989,35901
2022-01-14,36000,36116,35515,35796,35710
2022-01-17,35854,35915,35135,35259,35172
2022-01-19,35296,35430,34881,34910,34821
2022-01-20,34938,35380,34411,34616,34528
2022-01-21,34608,34783,34101,34157,34064
2022-01-24,34146,34409,33033,34253,34164
2022-01-25,34300,34472,33423,34185,34092
2022-01-26,33971,34699,33745,34055,33964
2022-01-27,34065,34657,33531,34043,33950
2022-01-28,34230,34622,33613,34595,34502
2022-01-31,34575,35026,34313,34997,34905
2022-02-01,34920,35318,34834,35274,35181
2022-02-02,35242,35588,35168,35492,35395
2022-02-03,35550,35574,34941,34971,34882
2022-02-04,35111,35212,34665,34978,34892
2022-02-07,34999,35205,34812,34969,34882
2022-02-08,35020,35426,34931,35342,35251
2022-02-09,35370,35751,35366,35641,35543
2022-02-10,35705,35754,34989,35139,35057
2022-02-11,35121,35329,34511,34627,34541
2022-02-14,34641,34755,34205,34471,34389
2022-02-15,34480,34968,34345,34904,34811
2022-02-16,34870,35059,34557,34851,34759
2022-02-17,34830,34909,34171,34231,34139
2022-02-18,34250,34500,33900,34007,33918
2022-02-21,33900,34349,33292,33525,33435
2022-02-23,33589,33825,33015,33066,32974
2022-02-24,33061,33205,32163,33156,33058
2022-02-25,33049,34034,32761,33994,33889
2022-02-28,33799,33914,33321,33840,33741
2022-03-01,33835,34063,33064,33267,33166
2022-03-02,33340,33977,33121,33849,33744
2022-03-03,33798,34143,33597,33738,33636
2022-03-04,33787,33859,33209,33583,33477
2022-03-07,33469,33543,32688,32782,32679
2022-03-08,32718,33371,32305,32602,32502
2022-03-09,32585,33442,32515,33265,33163
2022-03-10,33290,33290,32798,33152,33044
2022-03-11,33168,33691,32902,32925,32813
2022-03-14,32994,33396,32814,32944,32838
2022-03-15,32871,33514,32577,33427,33341
2022-03-16,33382,34061,33281,33954,33890
2022-03-17,34002,34394,33761,34360,34313
2022-03-18,34230,34720,34104,34633,34585
2022-03-21,34663,34693,34228,34436,34398
2022-03-22,34500,34775,34329,34709,34674
2022-03-23,34700,34792,34217,34250,34218
2022-03-24,34250,34656,34213,34604,34573
2022-03-25,34634,34839,34523,34759,34725
2022-03-28,34754,34885,34445,34853,34818
2022-03-29,34837,35280,34824,35190,35154
2022-03-30,35135,35257,34955,35117,35083
2022-03-31,35127,35213,34590,34618,34585
2022-04-01,34700,34806,34439,34718,34685
2022-04-04,34695,34848,34514,34829,34804
2022-04-05,34821,35015,34468,34550,34523
2022-04-06,34561,34609,34179,34399,34375
2022-04-07,34359,34614,34093,34490,34468
2022-04-08,34485,34818,34368,34613,34596
2022-04-11,34620,34667,34181,34219,34200
2022-04-12,34233,34583,34010,34139,34120
2022-04-13,34170,34512,34052,34482,34465
2022-04-14,34452,34795,34340,34358,34343
2022-04-18,34395,34529,34180,34313,34300
2022-04-19,34380,34896,34226,34841,34834
2022-04-20,34779,35234,34728,35079,35075
2022-04-21,35162,35414,34638,34709,34701
2022-04-22,34685,34720,33593,33728,33736
2022-04-25,33643,34020,33231,33965,33967
2022-04-26,33963,34038,33080,33160,33161
2022-04-27,33144,33611,33014,33226,33225
2022-04-28,33321,33969,33154,33828,33829
2022-04-29,33729,33904,32820,32882,32886
2022-05-02,32973,33144,32358,32980,32979
2022-05-03,33005,33254,32807,33033,33032
2022-05-04,33033,34028,32920,33969,33966
2022-05-05,33916,34019,32589,32910,32908
2022-05-06,32940,32970,32376,32809,32804
2022-05-09,32656,32688,32038,32161,32152
2022-05-10,32220,32664,31805,32087,32075
2022-05-11,32056,32506,31714,31743,31730
2022-05-12,31833,31893,31149,31652,31638
2022-05-13,31540,32201,31540,32120,32110
2022-05-16,32146,32453,31867,32159,32146
2022-05-17,32148,32693,32113,32581,32570
2022-05-18,32601,32653,31299,31440,31427
2022-05-19,31390,31523,30956,31202,31188
2022-05-20,31220,31546,30588,31213,31195
2022-05-23,31268,31925,31268,31839,31818
2022-05-24,31806,31973,31317,31880,31857
2022-05-25,31937,32214,31684,32076,32051
2022-05-26,32075,32734,31997,32600,32576
2022-05-27,32563,33240,32485,33158,33135
2022-05-30,33211,33434,32721,32971,32948
2022-06-01,33049,33254,32563,32798,32776
2022-06-02,32795,33263,32490,33223,33198
2022-06-03,33240,33315,32824,32888,32865
2022-06-06,32945,33229,32806,32912,32888
2022-06-07,32913,33196,32603,33165,33141
2022-06-08,33101,33168,32805,32889,32864
2022-06-09,32914,33110,32252,32263,32236
2022-06-10,32263,32340,31366,31388,31359
2022-06-13,31330,31340,30363,30527,30501
2022-06-14,30550,30848,30118,30355,30526
2022-06-15,30359,31002,30156,30651,30819
2022-06-16,30700,30937,29729,29919,30060
2022-06-17,29997,30211,29639,29869,29959
2022-06-20,29930,30646,29740,30525,30596
2022-06-22,30541,30774,30007,30471,30545
2022-06-23,30467,30699,30245,30672,30751
2022-06-24,30562,31508,30537,31487,31559
2022-06-27,31483,31695,31331,31421,31497
2022-06-28,31470,31867,30902,30933,31010
2022-06-29,30975,31144,30858,30999,31073
2022-06-30,31021,31042,30406,30781,30847
2022-07-01,30720,31116,30422,31061,31121
2022-07-04,31041,31221,30328,30936,31000
2022-07-06,30955,31204,30739,31013,31079
2022-07-07,31002,31403,30898,31367,31435
2022-07-08,31317,31490,31186,31310,31383
2022-07-11,31332,31345,31042,31140,31215
2022-07-12,31158,31328,30829,30966,31044
2022-07-13,30980,31300,30475,30758,30849
2022-07-14,30709,30774,30110,30604,30703
2022-07-15,30630,31263,30496,31247,31335
2022-07-18,31289,31617,30947,31047,31143
2022-07-19,31065,31850,31031,31791,31885
2022-07-20,31817,31980,31621,31853,31943
2022-07-21,31790,32032,31503,32007,32100
2022-07-22,31996,32194,31704,31875,31964
2022-07-25,31876,32063,31772,31967,32053
2022-07-26,31861,31922,31666,31732,31817
2022-07-27,31770,32315,31756,32172,32263
2022-07-28,32161,32608,31944,32490,32572
2022-07-29,32560,32888,32456,32825,32906
2022-08-01,32815,32937,32601,32767,32849
2022-08-02,32753,32797,32350,32365,32453
2022-08-03,32387,32872,32343,32770,32861
2022-08-04,32770,32870,32602,32681,32772
2022-08-05,32682,32786,32431,32757,32855
2022-08-08,32727,33065,32664,32792,32887
2022-08-09,32838,32883,32661,32737,32832
2022-08-10,32773,33330,32679,33260,33354
2022-08-11,33298,33626,33253,33304,33396
2022-08-12,33339,33729,33294,33718,33805
2022-08-15,33709,33925,33486,33873,33970
2022-08-16,33850,34245,33785,34118,34214
2022-08-17,34127,34177,33805,33963,34059
2022-08-18,33996,34056,33822,33981,34077
2022-08-19,33981,34008,33616,33706,33802
2022-08-22,33660,33660,33000,33056,33148
2022-08-23,33101,33177,32844,32901,32995
2022-08-24,32889,33084,32753,32958,33054
2022-08-25,32962,33290,32871,33273,33373
2022-08-26,33257,33444,32153,32263,32363
2022-08-29,32118,32301,31925,32075,32169
2022-08-30,32126,32348,31615,31775,31870
2022-08-31,31788,32001,31501,31532,31627
2022-09-01,31574,31678,31224,31663,31757
2022-09-02,31663,32029,31181,31312,31400
2022-09-05,31322,31593,31041,31166,31258
2022-09-07,31156,31644,30975,31577,31670
2022-09-08,31592,31805,31303,31766,31861
2022-09-09,31783,32234,31768,32164,32265
2022-09-12,32202,32506,32141,32386,32498
2022-09-13,32569,32795,31128,31212,31319
2022-09-14,31244,31393,30989,31251,31420
2022-09-15,31299,31386,30975,31070,31220
2022-09-16,31020,31044,30642,30922,31080
2022-09-19,30951,31184,30588,31117,31306
2022-09-20,31151,31256,30557,30801,30991
2022-09-21,30818,31119,30202,30282,30478
2022-09-22,30242,30495,30048,30149,30342
2022-09-23,30181,30239,29313,29669,29856
2022-09-26,29647,29736,29227,29343,29527
2022-09-27,29370,29730,29017,29203,29381
2022-09-28,29284,29886,28883,29750,29926
2022-09-29,29750,29784,29047,29285,29457
2022-09-30,29297,29549,28766,28801,28982
2022-10-03,28769,29701,28638,29538,29719
2022-10-04,29553,30399,29499,30365,30556
2022-10-05,30355,30512,29934,30310,30498
2022-10-06,30316,30486,29903,29982,30176
2022-10-07,29960,30126,29188,29353,29548
2022-10-10,29290,29538,29055,29260,29446
2022-10-11,29284,29658,28946,29266,29459
2022-10-12,29338,29525,29177,29261,29459
2022-10-13,29307,30217,28671,30091,30309
2022-10-14,30106,30479,29650,29708,29911
2022-10-17,29659,30364,29620,30230,30446
2022-10-18,30318,30877,30302,30576,30795
2022-10-19,30707,30818,30254,30460,30680
2022-10-20,30509,30857,30287,30353,30571
2022-10-21,30416,31197,30104,31123,31340
2022-10-24,31190,31640,30921,31545,31779
2022-10-25,31505,31915,31344,31877,32097
2022-10-26,31858,32214,31744,31872,32100
2022-10-27,31960,32422,31872,32074,32301
2022-10-28,32070,33003,31884,32896,33129
2022-10-31,32921,32942,32617,32775,33009
2022-11-01,32781,33027,32509,32685,32920
2022-11-02,32650,33108,32122,32178,32416
2022-11-03,32199,32273,31737,32017,32249
2022-11-04,32000,32631,31872,32428,32670
2022-11-07,32332,32904,32150,32838,33083
2022-11-08,32806,33367,32765,33175,33425
2022-11-09,33134,33226,32481,32527,32777
2022-11-10,32552,33800,32516,33712,33964
2022-11-11,33789,33986,33408,33763,34013
2022-11-14,33668,33982,33549,33561,33817
2022-11-15,33629,34027,33324,33605,33851
2022-11-16,33569,33734,33469,33591,33841
2022-11-17,33658,33732,33190,33581,33829
2022-11-18,33580,33854,33469,33775,34025
2022-11-21,33759,33899,33585,33735,33979
2022-11-22,33739,34138,33659,34126,34391
2022-11-23,34137,34278,34015,34211,34471
2022-11-24,34255,34407,34206,34356,34608
2022-11-28,34351,34351,33806,33871,34121
2022-11-29,33852,33982,33669,33857,34109
2022-11-30,33852,34648,33623,34599,34854
2022-12-01,34611,34708,34157,34429,34683
2022-12-02,34408,34528,33935,34459,34712
2022-12-05,34422,34461,33883,33986,34235
2022-12-06,34000,34087,33450,33633,33876
2022-12-07,33653,33812,33462,33625,33865
2022-12-08,33632,33931,33483,33803,34043
2022-12-09,33800,33957,33475,33498,33741
2022-12-12,33478,34026,33433,34017,34269
2022-12-13,34243,35226,34161,34388,34649
2022-12-14,34378,34674,33960,34239,34495
2022-12-15,34239,34339,33244,33436,33693
2022-12-16,33401,33495,32867,33128,33388
2022-12-19,33108,33279,32791,32973,33236
2022-12-20,32944,33205,32686,33053,33313
2022-12-21,33140,33644,33140,33569,33817
2022-12-22,33628,33663,32752,33208,33459
2022-12-23,33195,33411,32988,33375,33616
2022-12-27,33390,33613,33241,33416,33671
2022-12-28,33407,33566,33025,33046,33292
2022-12-29,33062,33458,32996,33375,33631
2022-12-30,33374,33374,32988,33285,33539
2023-01-03,33357,33647,32980,33278,33527
2023-01-04,33243,33563,33171,33416,33666
2023-01-05,33387,33467,32943,33070,33324
2023-01-06,33094,33862,33028,33772,34021
2023-01-09,33780,34079,33630,33670,33926
2023-01-10,33672,33870,33489,33849,34111
2023-01-11,33865,34128,33826,34110,34369
2023-01-12,34119,34423,33854,34319,34580
2023-01-13,34306,34464,34005,34416,34677
2023-01-16,34433,34491,33970,34020,34277
2023-01-18,34026,34130,33365,33386,33644
2023-01-19,33388,33392,33066,33139,33396
2023-01-20,33179,33481,33031,33474,33730
2023-01-23,33479,33881,33403,33727,33984
2023-01-24,33734,33903,33473,33826,34086
2023-01-25,33843,33866,33347,33823,34082
2023-01-26,33789,34043,33700,34023,34281
2023-01-27,33997,34241,33899,34046,34302
2023-01-30,34025,34123,33762,33785,34045
2023-01-31,33811,34164,33580,34156,34414
2023-02-01,34145,34407,33626,34148,34409
2023-02-02,34150,34218,33856,34097,34353
2023-02-03,34047,34228,33825,33962,34221
2023-02-06,33888,34009,33686,33934,34196
2023-02-07,33920,34281,33661,34206,34471
2023-02-08,34149,34213,33919,33995,34262
2023-02-09,33996,34288,33629,33734,33998
2023-02-10,33750,33925,33543,33895,34157
2023-02-13,33915,34288,33759,34268,34535
2023-02-14,34286,34551,33850,34121,34388
2023-02-15,34110,34192,33870,34174,34439
2023-02-16,34151,34233,33710,33739,34014
2023-02-17,33715,33888,33512,33866,34141
2023-02-20,33851,33875,33141,33162,33430
2023-02-22,33183,33276,32975,33079,33350
2023-02-23,33106,33293,32815,33182,33454
2023-02-24,33146,33196,32654,32826,33089
2023-02-27,32846,33212,32787,32909,33171
2023-02-28,32916,33021,32608,32682,32948
2023-03-01,32654,32863,32527,32693,32950
2023-03-02,32850,33106,32639,33018,33279
2023-03-03,33008,33431,32954,33414,33679
2023-03-06,33409,33592,33356,33451,33719
2023-03-07,33446,33513,32840,32864,33137
2023-03-08,32880,32938,32626,32813,33086
2023-03-09,32833,33002,32190,32259,32524
2023-03-10,32265,32435,31791,31918,32165
2023-03-13,32008,32385,31530,31830,32055
2023-03-14,32139,32553,32038,32402,32562
2023-03-15,32404,32440,31640,32095,32239
2023-03-16,32080,32525,31786,32484,32623
2023-03-17,32497,32577,31947,32071,32234
2023-03-20,32140,32513,31656,32456,32659
2023-03-21,32472,32834,32440,32774,33001
2023-03-22,32793,32995,32231,32258,32483
2023-03-23,32302,32727,32060,32319,32531
2023-03-24,32360,32485,31944,32434,32648
2023-03-27,32494,32769,32418,32631,32859
2023-03-28,32682,32787,32487,32588,32819
2023-03-29,32618,32924,32617,32903,33133
2023-03-30,32907,33124,32863,33044,33285
2023-03-31,33050,33549,33003,33460,33703
2023-04-03,33442,33821,33435,33786,34034
2023-04-04,33768,33879,33455,33577,33817
2023-04-05,33622,33725,33503,33656,33889
2023-04-06,33619,33716,33492,33659,33901
2023-04-07,33639,33774,33576,33659,33901
2023-04-10,33717,33785,33508,33751,34005
2023-04-11,33766,33953,33731,33852,34114
2023-04-12,33876,34119,33760,33813,34067
2023-04-13,33787,34217,33746,34190,34446
2023-04-14,34150,34299,33876,34037,34300
2023-04-17,34105,34146,33940,34129,34394
2023-04-18,34119,34281,33928,34124,34393
2023-04-19,34097,34119,33942,34033,34303
2023-04-20,34016,34032,33803,33909,34176
2023-04-21,33903,33996,33812,33950,34213
2023-04-24,33921,34023,33776,34001,34270
2023-04-25,33986,34009,33643,33652,33908
2023-04-26,33704,33762,33347,33424,33681
2023-04-27,33460,33967,33420,33929,34198
2023-04-28,33894,34234,33751,34200,34468
2023-05-01,34212,34363,34105,34152,34424
2023-05-02,34127,34188,33510,33772,34038
2023-05-03,33747,33908,33401,33492,33758
2023-05-04,33405,33561,33004,33196,33453
2023-05-05,33186,33822,33181,33739,34001
2023-05-08,33752,33849,33568,33685,33950
2023-05-09,33683,33727,33539,33637,33906
2023-05-10,33647,33855,33298,33602,33867
2023-05-11,33585,33683,33181,33371,33632
2023-05-12,33383,33543,33162,33355,33621
2023-05-15,33323,33505,33212,33398,33664
2023-05-16,33396,33397,33032,33060,33325
2023-05-17,33089,33541,33061,33478,33748
2023-05-18,33466,33651,33280,33618,33889
2023-05-19,33623,33731,33393,33496,33766
2023-05-22,33441,33586,33272,33360,33634
2023-05-23,33387,33480,33070,33132,33406
2023-05-24,33149,33184,32807,32854,33126
2023-05-25,32883,32914,32619,32806,33081
2023-05-26,32808,33201,32724,33125,33401
2023-05-29,33222,33313,32921,33089,33367
2023-05-31,33064,33079,32794,32979,33258
2023-06-01,32927,33213,32738,33103,33379
2023-06-02,33124,33864,33113,33817,34098
2023-06-05,33820,33896,33592,33619,33906
2023-06-06,33601,33686,33448,33617,33905
2023-06-07,33611,33745,33542,33709,33998
2023-06-08,33690,33909,33636,33865,34159
2023-06-09,33853,33999,33742,33909,34202
2023-06-12,33896,34095,33876,34083,34389
2023-06-13,34363,34632,34330,34531,34764
2023-06-14,34493,34520,34086,34284,34520
2023-06-15,34300,34807,34168,34724,34961
2023-06-16,34694,34889,34585,34604,34899
2023-06-19,34619,34664,34199,34356,34656
2023-06-21,34327,34389,34152,34235,34536
2023-06-22,34246,34279,34094,34210,34513
2023-06-23,34247,34249,33889,33977,34274
2023-06-26,33973,34073,33856,33971,34268
2023-06-27,33981,34232,33901,34183,34486
2023-06-28,34171,34218,33995,34101,34397
2023-06-29,34126,34387,34053,34353,34659
2023-06-30,34325,34708,34311,34643,34951
2023-07-03,34612,34688,34511,34637,34941
2023-07-04,34633,34667,34436,34509,34816
2023-07-06,34510,34510,33967,34131,34436
2023-07-07,34116,34244,33918,33937,34239
2023-07-10,33968,34170,33802,34146,34454
2023-07-11,34140,34493,34060,34464,34774
2023-07-12,34436,34792,34412,34550,34860
2023-07-13,34558,34676,34541,34590,34901
2023-07-14,34558,34788,34496,34678,34989
2023-07-17,34653,34850,34579,34763,35079
2023-07-18,34742,35172,34691,35142,35459
2023-07-19,35124,35417,35111,35253,35570
2023-07-20,35248,35548,35187,35401,35724
2023-07-21,35408,35515,35347,35398,35721
2023-07-24,35391,35634,35350,35581,35905
2023-07-25,35583,35694,35528,35604,35932
2023-07-26,35596,35799,35470,35684,36012
2023-07-27,35634,35844,35347,35431,35763
2023-07-28,35451,35709,35376,35592,35929
2023-07-31,35591,35718,35510,35695,36029
2023-08-01,35703,35809,35572,35757,36092
2023-08-02,35684,35727,35333,35403,35739
2023-08-03,35413,35495,35216,35312,35645
2023-08-04,35325,35601,35118,35153,35483
2023-08-07,35150,35586,35130,35554,35883
2023-08-08,35565,35571,35077,35395,35726
2023-08-09,35395,35496,35131,35202,35530
2023-08-10,35254,35659,35177,35251,35578
2023-08-11,35277,35430,35114,35351,35680
2023-08-14,35385,35458,35226,35371,35700
2023-08-15,35356,35413,34958,35007,35337
2023-08-16,35037,35189,34801,34821,35151
2023-08-17,34838,34952,34500,34536,34864
2023-08-18,34536,34660,34330,34565,34895
2023-08-21,34565,34709,34308,34524,34860
2023-08-22,34496,34652,34306,34344,34677
2023-08-23,34346,34592,34323,34522,34853
2023-08-24,34565,34737,34095,34140,34471
2023-08-25,34185,34483,34062,34377,34704
2023-08-28,34418,34692,34390,34594,34924
2023-08-29,34609,34909,34524,34887,35210
2023-08-30,34909,35089,34848,34956,35283
2023-08-31,35035,35167,34770,34791,35121
2023-09-01,34811,35026,34760,34882,35213
2023-09-04,34868,34969,34673,34680,35008
2023-09-06,34700,34709,34321,34479,34806
2023-09-07,34471,34585,34364,34528,34848
2023-09-08,34555,34659,34442,34608,34934
2023-09-11,34624,34808,34580,34682,35012
2023-09-12,35001,35205,34882,34996,35312
2023-09-13,34982,35119,34842,34918,35244
2023-09-14,34915,35322,34908,35257,35572
2023-09-15,35300,35358,34887,34927,35277
2023-09-18,34942,35038,34848,34935,35290
2023-09-19,34945,34991,34608,34817,35169
2023-09-20,34817,35079,34718,34729,35085
2023-09-21,34747,34747,34301,34337,34691
2023-09-22,34322,34421,34211,34232,34581
2023-09-25,34277,34358,34039,34273,34615
2023-09-26,34281,34288,33814,33875,34217
2023-09-27,33912,34012,33545,33791,34134
2023-09-28,33843,34009,33694,33892,34234
2023-09-29,33934,34127,33624,33725,34061
2023-10-02,33853,33936,33435,33638,33968
2023-10-03,33648,33708,33115,33201,33532
2023-10-04,33199,33356,33020,33326,33654
2023-10-05,33271,33367,33127,33304,33631
2023-10-06,33283,33756,33031,33600,33927
2023-10-09,33492,33834,33298,33801,34126
2023-10-10,33794,34091,33773,33936,34259
2023-10-11,33920,34079,33799,33992,34316
2023-10-12,34035,34154,33617,33796,34122
2023-10-13,33771,34123,33707,33827,34152
2023-10-16,33795,34254,33795,34134,34461
2023-10-17,34175,34305,33968,34144,34467
2023-10-18,34122,34147,33738,33806,34132
2023-10-19,33820,33991,33492,33547,33868
2023-10-20,33539,33560,33219,33258,33575
2023-10-23,33275,33365,33014,33067,33382
2023-10-24,33137,33420,33056,33269,33590
2023-10-25,33351,33390,33098,33150,33458
2023-10-26,33199,33204,32834,32876,33189
2023-10-27,32925,33007,32409,32504,32820
2023-10-30,32526,33092,32509,33017,33329
2023-10-31,33016,33221,32868,33135,33451
2023-11-01,33082,33418,32989,33351,33662
2023-11-02,33356,33932,33338,33914,34228
2023-11-03,33906,34232,33884,34137,34456
2023-11-06,34174,34230,34051,34164,34482
2023-11-07,34132,34268,34031,34215,34534
2023-11-08,34217,34315,34053,34173,34489
2023-11-09,34161,34283,33914,33944,34258
2023-11-10,33984,34373,33912,34338,34657
2023-11-13,34302,34459,34201,34385,34705
2023-11-14,34397,34983,34350,34887,35207
2023-11-15,34923,35104,34899,35050,35374
2023-11-16,35014,35090,34887,35019,35340
2023-11-17,35057,35166,34943,35012,35337
2023-11-20,34969,35305,34963,35225,35557
2023-11-21,35218,35246,35092,35148,35478
2023-11-22,35148,35359,35119,35318,35649
2023-11-23,35303,35439,35278,35430,35757
2023-11-27,35422,35454,35315,35373,35704
2023-11-28,35375,35548,35318,35445,35775
2023-11-29,35451,35641,35451,35488,35823
2023-11-30,35576,36027,35563,36010,36349
2023-12-01,35986,36338,35963,36303,36643
2023-12-04,36308,36330,36093,36268,36610
2023-12-05,36250,36260,36066,36189,36539
2023-12-06,36165,36352,36077,36112,36462
2023-12-07,36110,36210,36020,36166,36518
2023-12-08,36150,36335,36008,36280,36643
2023-12-11,36287,36451,36241,36438,36806
2023-12-12,36804,36999,36758,36967,37274
2023-12-13,36975,37532,36918,37488,37787
2023-12-14,37486,37696,37426,37643,37936
2023-12-15,37603,37784,37524,37661,38011
2023-12-18,37669,37771,37644,37678,38033
2023-12-19,37651,37939,37637,37931,38292
2023-12-20,37915,38014,37390,37445,37800
2023-12-21,37460,37765,37460,37756,38104
2023-12-22,37704,37881,37586,37740,38094
2023-12-26,37718,37961,37681,37894,38249
2023-12-27,37920,38026,37819,38006,38360
2023-12-28,38003,38088,37924,38029,38386
2023-12-29,38024,38089,37841,38012,38372
2024-01-02,37969,38112,37758,37993,38354
2024-01-03,37991,38017,37666,37697,38061
2024-01-04,37718,37984,37699,37715,38078
2024-01-05,37752,37882,37504,37719,38083
2024-01-08,37678,37947,37470,37933,38300
2024-01-09,37890,37902,37610,37763,38128
2024-01-10,37737,37985,37700,37936,38305
2024-01-11,37944,38037,37627,37927,38293
2024-01-12,37910,38033,37650,37792,38157
2024-01-15,37755,37830,37389,37553,37920
2024-01-17,37541,37559,37315,37458,37824
2024-01-18,37462,37708,37303,37659,38031
2024-01-19,37639,38134,37597,38045,38416
2024-01-22,38048,38302,38048,38199,38583
2024-01-23,38184,38209,37975,38089,38471
2024-01-24,38105,38253,37950,37979,38361
2024-01-25,38055,38219,37912,38210,38590
2024-01-26,38160,38374,38051,38258,38639
2024-01-29,38209,38496,38158,38488,38873
2024-01-30,38431,38643,38385,38612,38997
2024-01-31,38580,38719,38247,38280,38663
2024-02-01,38296,38660,38212,38625,39010
2024-02-02,38617,38891,38434,38765,39155
2024-02-05,38753,38797,38311,38466,38858
2024-02-06,38441,38633,38366,38613,39007
2024-02-07,38595,38842,38547,38774,39166
2024-02-08,38774,38847,38626,38824,39222
2024-02-09,38807,38979,38646,38748,39144
2024-02-12,38714,39013,38679,38884,39286
2024-02-13,38876,38897,38095,38333,38732
2024-02-14,38327,38525,38256,38494,38898
2024-02-15,38488,38868,38453,38858,39266
2024-02-16,38858,38910,38650,38697,39105
2024-02-19,38660,38746,38524,38642,39046
2024-02-21,38661,38765,38400,38677,39080
2024-02-22,38632,39214,38632,39123,39541
2024-02-23,39112,39344,39088,39189,39609
2024-02-26,39187,39291,39069,39116,39544
2024-02-27,39105,39152,38911,39016,39441
2024-02-28,39016,39016,38790,38993,39423
2024-02-29,38891,39124,38837,39043,39468
2024-03-01,39010,39172,38890,39142,39574
2024-03-04,39103,39126,38905,39022,39456
2024-03-05,38989,38992,38478,38607,39038
2024-03-06,38625,38901,38584,38706,39135
2024-03-07,38729,38944,38548,38826,39261
2024-03-08,38815,39009,38620,38756,39193
2024-03-11,38778,38822,38495,38797,39234
2024-03-12,39245,39545,39093,39480,39753
2024-03-13,39462,39683,39404,39521,39793
2024-03-14,39350,39358,39336,39347,39652
2024-03-15,39350,39427,39048,39153,39474
2024-03-18,39138,39338,39088,39223,39596
2024-03-19,39239,39555,39116,39539,39906
2024-03-20,39528,39987,39426,39940,40301
2024-03-21,39973,40315,39950,40206,40578
2024-03-22,40260,40270,39812,39868,40238
2024-03-25,39848,39854,39681,39699,40070
2024-03-26,39709,39822,39657,39680,40058
2024-03-27,39745,40182,39740,40144,40523
2024-03-28,40144,40241,40090,40176,40558
2024-04-01,40185,40358,39708,39894,40282
2024-04-02,39773,39805,39368,39508,39898
2024-04-03,39524,39633,39344,39482,39873
2024-04-04,39494,39760,38876,38916,39305
2024-04-05,38914,39369,38863,39223,39612
2024-04-08,39275,39339,39116,39219,39610
2024-04-09,39221,39308,38873,39196,39589
2024-04-10,39237,39341,38591,38757,39152
2024-04-11,38720,38880,38472,38732,39122
2024-04-12,38768,38834,38133,38238,38625
2024-04-15,38151,38638,37911,37993,38385
2024-04-16,37986,38283,37838,38046,38426
2024-04-17,38077,38257,37841,37990,38369
2024-04-18,37987,38319,37899,38007,38381
2024-04-19,38013,38345,37462,38208,38579
2024-04-22,38272,38681,38208,38468,38848
2024-04-23,38495,38790,38431,38726,39104
2024-04-24,38762,38802,38519,38680,39058
2024-04-25,38578,38638,37944,38288,38661
2024-04-26,38363,38534,38243,38441,38821
2024-04-29,38496,38593,38392,38559,38941
2024-04-30,38555,38571,37920,37993,38371
2024-05-01,37950,38525,37866,38069,38446
2024-05-02,38120,38638,38035,38382,38761
2024-05-03,38643,38958,38585,38832,39211
2024-05-06,38921,39028,38833,38997,39377
2024-05-07,38987,39128,38972,39027,39404
2024-05-08,39014,39236,38935,39195,39574
2024-05-09,39179,39591,39087,39536,39919
2024-05-10,39565,39717,39531,39642,40030
2024-05-13,39616,39780,39519,39559,39948
2024-05-14,39554,39736,39406,39677,40066
2024-05-15,39667,40062,39652,40039,40435
2024-05-16,40010,40191,39980,40010,40410
2024-05-17,39993,40146,39953,40137,40539
2024-05-20,40134,40213,39919,39944,40349
2024-05-21,39943,40033,39904,40006,40422
2024-05-22,39985,40032,39668,39783,40201
2024-05-23,39723,39882,39114,39153,39561
2024-05-24,39147,39315,39105,39157,39571
2024-05-27,39154,39242,38786,38944,39355
2024-05-29,38940,38940,38221,38524,38929
2024-05-30,38274,38314,38110,38231,38633
2024-05-31,38228,38859,38138,38791,39195
2024-06-03,38823,38919,38330,38656,39060
2024-06-04,38684,38878,38422,38787,39194
2024-06-05,38813,38938,38628,38884,39292
2024-06-06,38880,39091,38808,38955,39360
2024-06-07,38955,39175,38717,38857,39266
2024-06-10,38863,38946,38719,38929,39339
2024-06-11,38900,38933,38482,38794,39201
2024-06-12,38777,39193,38657,38752,39161
2024-06-13,38620,38677,38620,38677,39078
2024-06-14,38620,38676,38306,38605,39009
2024-06-17,38982,39301,38855,39232,39592
2024-06-18,39260,39390,39172,39287,39640
2024-06-19,39290,39687,39195,39575,39928
2024-06-21,39564,39687,39475,39583,39943
2024-06-24,39614,39999,39462,39844,40229
2024-06-25,39858,39928,39395,39526,39908
2024-06-26,39471,39587,39306,39540,39930
2024-06-27,39485,39647,39387,39550,39939
2024-06-28,39506,39818,39284,39469,39850
2024-07-01,39565,39803,39384,39511,39898
2024-07-02,39497,39693,39338,39688,40069
2024-07-03,39650,39764,39562,39636,40022
2024-07-04,39636,39780,39489,39695,40077
2024-07-08,39662,40007,39594,39650,40037
2024-07-09,39671,39817,39450,39596,39983
2024-07-10,39571,40065,39554,40049,40432
2024-07-11,40011,40200,39937,40089,40473
2024-07-12,40108,40572,40020,40301,40684
2024-07-15,40388,40654,40336,40514,40893
2024-07-16,40541,41302,40458,41255,41634
2024-07-17,41261,41547,41096,41497,41893
2024-07-18,41535,41673,40886,40958,41355
2024-07-19,40958,41007,40467,40562,40954
2024-07-22,40592,40746,40489,40693,41089
2024-07-23,40712,40796,40563,40615,41014
2024-07-24,40599,40599,40052,40110,40510
2024-07-25,40208,40685,40055,40192,40593
2024-07-26,40241,40996,40233,40831,41235
2024-07-29,40881,41051,40607,40771,41178
2024-07-30,40742,41096,40647,40959,41368
2024-07-31,40773,41425,40752,41073,41484
2024-08-01,41085,41304,40284,40514,40909
2024-08-02,40423,40450,39517,39879,40239
2024-08-05,39625,39750,38540,38848,39185
2024-08-06,39010,39599,38762,39143,39492
2024-08-07,39050,39617,38752,38905,39257
2024-08-08,38799,39662,38688,39601,39956
2024-08-09,39615,39772,39352,39640,39997
2024-08-12,39639,39740,39366,39480,39836
2024-08-13,39501,39924,39342,39889,40252
2024-08-14,39862,40193,39785,40119,40486
2024-08-15,40165,40722,40113,40683,41061
2024-08-16,40703,40856,40546,40794,41175
2024-08-19,40810,41046,40740,41020,41407
2024-08-20,41000,41088,40876,40949,41334
2024-08-21,40951,41098,40850,41006,41386
2024-08-22,41028,41145,40685,40828,41213
2024-08-23,40840,41306,40838,41270,41652
2024-08-26,41259,41522,41228,41335,41722
2024-08-27,41330,41391,41181,41356,41743
2024-08-28,41364,41450,40921,41178,41566
2024-08-29,41245,41681,41152,41439,41831
2024-08-30,41496,41673,41231,41653,42046
2024-09-02,41629,41652,40866,41018,41403
2024-09-04,41040,41260,40848,41051,41444
2024-09-05,41024,41168,40590,40829,41217
2024-09-06,40870,41079,40264,40407,40792
2024-09-09,40359,41064,40330,40882,41271
2024-09-10,40903,40989,40462,40798,41186
2024-09-11,40805,40952,40034,40906,41292
2024-09-12,40897,41158,40700,41146,41536
2024-09-13,41112,41569,41112,41427,41825
2024-09-16,41417,41785,41391,41660,42057
2024-09-17,42027,42270,41893,42037,42349
2024-09-18,42070,42413,41851,41909,42228
2024-09-19,41951,42582,41951,42447,42765
2024-09-20,42466,42536,42248,42443,42752
2024-09-23,42471,42561,42320,42501,42814
2024-09-24,42466,42656,42409,42597,42907
2024-09-25,42535,42679,42207,42276,42587
2024-09-26,42265,42595,42232,42555,42876
2024-09-27,42536,43004,42488,42656,42976
2024-09-30,42634,42716,42246,42643,42970
2024-10-01,42595,42657,42252,42479,42801
2024-10-02,42446,42581,42283,42510,42835
2024-10-03,42553,42574,42142,42317,42651
2024-10-04,42289,42668,42252,42646,42990
2024-10-07,42636,42704,42117,42245,42611
2024-10-08,42210,42426,42089,42375,42738
2024-10-09,42376,42864,42254,42813,43179
2024-10-10,42809,42846,42586,42746,43114
2024-10-11,42750,43180,42668,43143,43515
2024-10-14,43104,43421,42986,43363,43740
2024-10-15,43398,43445,42967,43015,43398
2024-10-16,42995,43368,42936,43342,43729
2024-10-17,43341,43550,43255,43511,43903
2024-10-18,43494,43581,43288,43518,43908
2024-10-21,43540,43579,43111,43177,43569
2024-10-22,43200,43283,42945,43169,43563
2024-10-23,43013,43066,42512,42738,43132
2024-10-24,42677,42748,42409,42605,42997
2024-10-25,42631,42812,42246,42321,42717
2024-10-28,42358,42691,42351,42606,43002
2024-10-29,42631,42697,42364,42447,42842
2024-10-30,42490,42659,42294,42363,42758
2024-10-31,42360,42360,41873,41947,42336
2024-11-01,41948,42495,41893,42209,42599
2024-11-04,42184,42277,41792,41956,42348
2024-11-05,41988,42459,41918,42381,42779
2024-11-06,42450,43968,42417,43901,44321
2024-11-07,43910,44019,43804,43910,44331
2024-11-08,43932,44300,43852,44141,44569
2024-11-11,44149,44626,44143,44441,44874
2024-11-12,44427,44556,44040,44074,44514
2024-11-13,44074,44280,43896,44108,44551
2024-11-14,44119,44256,43817,43901,44350
2024-11-15,43893,43907,43477,43568,44021
2024-11-18,43581,43653,43398,43540,44000
2024-11-19,43532,43623,42992,43400,43848
2024-11-20,43410,43588,43181,43516,43962
2024-11-21,43572,44147,43382,43989,44437
2024-11-22,43989,44453,43818,44395,44850
2024-11-25,44496,44914,44480,44826,45284
2024-11-26,44863,45005,44531,44951,45410
2024-11-27,44959,45120,44789,44828,45287
2024-11-28,44858,45170,44822,45055,45520
2024-12-02,45053,45137,44819,44905,45375
2024-12-03,44881,44987,44681,44808,45277
2024-12-04,44902,45176,44870,45106,45576
2024-12-05,45099,45154,44813,44867,45337
2024-12-06,44845,44982,44661,44706,45175
2024-12-09,44700,44808,44451,44479,44944
2024-12-10,44462,44553,44262,44335,44798
2024-12-11,44367,44443,44181,44222,44681
2024-12-12,44201,44272,43941,43977,44435
2024-12-13,43977,44093,43808,43866,44337
2024-12-16,43857,43992,43715,43768,44260
2024-12-17,44215,44263,43860,43967,44328
2024-12-18,43990,44215,42642,42778,43139
2024-12-19,42845,43243,42786,42797,43159
2024-12-20,42844,43663,42496,43316,43705
2024-12-23,43354,43478,42928,43319,43712
2024-12-24,43340,43664,43244,43645,44034
2024-12-26,43634,43745,43430,43702,44087
2024-12-27,43681,43710,43075,43344,43723
2024-12-30,43302,43390,42582,42927,43301
2024-12-31,42944,43101,42722,42873,43239
2025-01-02,42888,43245,42462,42694,43056
2025-01-03,42708,43079,42654,43021,43386
2025-01-06,43001,43408,42887,42982,43342
2025-01-07,43029,43211,42651,42803,43167
2025-01-08,42771,42941,42591,42878,43242
2025-01-09,42884,42907,42723,42829,43159
2025-01-10,42828,42906,42088,42160,42522
2025-01-13,42202,42565,41968,42523,42891
2025-01-14,42560,42824,42373,42752,43117
2025-01-15,42800,43569,42752,43466,43832
2025-01-16,43486,43570,43286,43372,43739
2025-01-17,43344,43867,43315,43695,44071
2025-01-20,43681,44275,43495,44238,44616
2025-01-22,44250,44415,44197,44353,44735
2025-01-23,44336,44758,44310,44749,45133
2025-01-24,44696,44775,44524,44602,44988
2025-01-27,44475,44932,44010,44904,45286
2025-01-28,44886,45160,44742,45031,45414
2025-01-29,45018,45140,44747,44890,45272
2025-01-30,44946,45190,44782,45055,45440
2025-01-31,45057,45226,44656,44698,45084
2025-02-03,44486,44815,43965,44565,44948
2025-02-04,44826,44829,44347,44697,45081
2025-02-05,44677,45055,44468,45004,45388
2025-02-06,45043,45178,44659,44863,45247
2025-02-07,44782,44962,44384,44421,44809
2025-02-10,44250,44734,44150,44580,44968
2025-02-11,44558,44750,44395,44708,45097
2025-02-12,44700,44733,44189,44462,44851
2025-02-13,44518,44874,44356,44811,45202
2025-02-14,44802,44881,44592,44635,45027
2025-02-17,44655,44760,44409,44643,45033
2025-02-19,44643,44722,44396,44711,45101
2025-02-20,44664,44685,44033,44268,44652
2025-02-21,44252,44332,43419,43486,43862
2025-02-24,43532,43826,43419,43535,43908
2025-02-25,43571,43841,43346,43690,44062
2025-02-26,43790,43935,43328,43506,43876
2025-02-27,43510,43948,43277,43297,43667
2025-02-28,43337,43933,43154,43889,44258
2025-03-03,43904,44119,42987,43247,43614
2025-03-04,43300,43364,42420,42594,42959
2025-03-05,42828,43197,42473,43066,43433
2025-03-06,43030,43096,42425,42616,42971
2025-03-07,42694,42944,42207,42838,43196
2025-03-10,42780,42780,41666,41947,42294
2025-03-11,42020,42128,41220,41475,41816
2025-03-12,41523,42025,41046,41395,41735
2025-03-13,41373,41496,40708,40863,41198
2025-03-14,40930,41563,40923,41510,41850
2025-03-17,41457,42042,41252,41883,42225
2025-03-18,42248,42264,41769,41938,42239
2025-03-19,41942,42546,41866,42330,42635
2025-03-20,42331,42603,42030,42286,42589
2025-03-21,42290,42341,41750,42319,42619
2025-03-24,42410,42968,42410,42898,43210
2025-03-25,42900,43025,42765,42906,43221
2025-03-26,42930,43143,42635,42746,43062
2025-03-27,42656,42875,42460,42602,42919
2025-03-28,42603,42665,41710,41851,42162
2025-03-31,41595,42423,41428,42259,42564
2025-04-01,42222,42418,41774,42241,42540
2025-04-02,42228,42838,41877,42492,42796
2025-04-03,41916,41968,40653,40776,41062
2025-04-04,40675,40750,38301,38530,38781
2025-04-07,37931,39426,36664,38165,38402
2025-04-08,38485,39649,37293,37862,38103
2025-04-09,37697,41031,36882,40836,41106
2025-04-10,40979,41143,38630,39797,40052
2025-04-11,39794,40615,39206,40399,40666
2025-04-14,40679,40991,40038,40741,41015
2025-04-15,40678,41010,40522,40575,40853
2025-04-16,40481,40713,39585,39853,40126
2025-04-17,39831,40291,39129,39329,39606
2025-04-21,39309,39309,37997,38328,38586
2025-04-22,38277,39449,38243,39357,39624
2025-04-23,39574,40558,39574,39775,40052
2025-04-24,39780,40405,39404,40262,40540
2025-04-25,40257,40380,39861,40254,40524
2025-04-28,40249,40566,40012,40368,40639
2025-04-29,40346,40777,40289,40658,40936
2025-04-30,40723,40934,39867,40770,41045
2025-05-01,40862,41222,40736,40855,41128
2025-05-02,40810,41507,40766,41427,41719
2025-05-05,41423,41554,41102,41319,41614
2025-05-06,41281,41350,40762,40918,41211
2025-05-07,40822,41376,40817,41214,41511
2025-05-08,41186,41875,41113,41468,41765
2025-05-09,41470,41617,41223,41323,41619
2025-05-12,41698,42563,41674,42493,42806
2025-05-13,42530,42536,42198,42228,42547
2025-05-14,42235,42340,42026,42117,42438
2025-05-15,42106,42455,41840,42385,42708
2025-05-16,42450,42763,42325,42736,43061
2025-05-19,42469,42983,42300,42885,43230
2025-05-20,42896,42974,42569,42772,43114
2025-05-21,42750,42750,41853,41947,42281
2025-05-22,41913,42177,41692,41925,42258
2025-05-23,41986,42027,41238,41674,42002
2025-05-26,41674,42477,41649,42410,42745
2025-05-28,42477,42514,42103,42170,42502
2025-05-29,42180,42775,41873,42267,42600
2025-05-30,42225,42439,41956,42294,42625
2025-06-02,42275,42419,41904,42374,42706
2025-06-03,42375,42637,42115,42598,42931
2025-06-04,42569,42708,42465,42500,42833
2025-06-05,42477,42739,42265,42369,42698
2025-06-06,42376,42978,42343,42809,43143
2025-06-09,42830,42935,42599,42796,43130
2025-06-10,42804,42967,42673,42911,43241
2025-06-11,42856,43156,42754,42908,43235
2025-06-12,42898,43002,42587,42990,43316
2025-06-13,42950,42960,42090,42207,42523
2025-06-16,42329,43071,42252,42864,43164
2025-06-17,42896,42904,42475,42556,42856
2025-06-18,42574,42859,42422,42512,42812
2025-06-19,42525,42762,42089,42515,42805
2025-06-23,42268,42943,42101,42901,43188
2025-06-24,42900,43515,42892,43424,43726
2025-06-25,43409,43467,43175,43306,43611
2025-06-26,43349,43752,43272,43718,44027
2025-06-27,43743,44288,43743,44125,44435
2025-06-30,44203,44442,44186,44389,44703
2025-07-01,44345,44917,44281,44807,45123
2025-07-02,44821,44960,44642,44776,45091
2025-07-03,44788,45178,44747,45098,45426
2025-07-04,44906,45133,44429,44677,45003
2025-07-08,44561,44716,44471,44512,44841
2025-07-09,44513,44831,44418,44719,45047
2025-07-10,44730,45042,44564,44908,45237
2025-07-11,44880,44943,44511,44599,44927
2025-07-14,44454,44706,44321,44692,45020
2025-07-15,44660,44829,44175,44247,44578
2025-07-16,44192,44483,43973,44459,44790
2025-07-17,44438,44773,44352,44718,45051
2025-07-18,44727,44860,44424,44540,44867
2025-07-21,44536,44814,44491,44547,44881
2025-07-22,44578,44750,44424,44711,45045
2025-07-23,44720,45233,44718,45214,45552
2025-07-24,45146,45146,44860,44899,45238
2025-07-25,44945,45127,44817,45084,45420
2025-07-28,45229,45314,44911,45012,45350
2025-07-29,45013,45122,44735,44816,45147
2025-07-30,44800,44912,44419,44633,44968
2025-07-31,44711,44852,44207,44305,44638
2025-08-01,44312,44327,43464,43710,44018
2025-08-04,43693,44391,43629,44303,44616
2025-08-05,44374,44433,44040,44236,44554
2025-08-06,44262,44482,44125,44312,44633
2025-08-07,44312,44615,43899,44080,44400
2025-08-08,44125,44385,44084,44278,44596
2025-08-11,44344,44415,44005,44084,44403
2025-08-12,44062,44603,44026,44558,44877
2025-08-13,44566,45069,44505,45025,45348
2025-08-14,45018,45141,44768,44997,45321
2025-08-15,45108,45368,44981,45040,45365
2025-08-18,45016,45115,44900,44986,45310
2025-08-19,44989,45289,44834,44999,45325
2025-08-20,45020,45122,44828,44995,45318
2025-08-21,44984,45028,44642,44854,45178
2025-08-22,44887,45841,44745,45715,46047
2025-08-25,45726,45749,45334,45351,45687
2025-08-26,45383,45539,45184,45489,45825
2025-08-27,45529,45698,45445,45642,45980
2025-08-28,45632,45800,45501,45706,46043
2025-08-29,45667,45688,45433,45601,45936
2025-09-01,45652,45748,45002,45351,45683
2025-09-03,45315,45377,45036,45308,45639
2025-09-04,45255,45718,45223,45688,46024
2025-09-05,45695,45832,45257,45459,45786
2025-09-08,45462,45591,45321,45575,45904
2025-09-09,45580,45808,45470,45757,46089
2025-09-10,45700,45892,45415,45540,45871
2025-09-11,45508,46178,45487,46141,46471
2025-09-12,46131,46168,45830,45854,46189
2025-09-15,45857,46010,45796,45921,46262
2025-09-16,46220,46331,46019,46119,46499
2025-09-17,46163,46636,46037,46365,46735
2025-09-18,46391,46721,46298,46516,46863
2025-09-19,46557,46739,46397,46651,46993
2025-09-22,46607,46785,46362,46724,47076
2025-09-23,46706,47056,46546,46637,46996
2025-09-24,46635,46788,46414,46441,46797
2025-09-25,46489,46538,46098,46268,46627
2025-09-26,46276,46666,46233,46556,46916
2025-09-29,46558,46786,46442,46612,46974
2025-09-30,46587,46718,46386,46689,47050
2025-10-01,46597,46816,46336,46725,47081
2025-10-02,46702,46867,46542,46806,47163
2025-10-03,46796,47324,46759,47031,47388
2025-10-06,47034,47162,46694,46958,47313
2025-10-07,46965,47135,46701,46852,47209
2025-10-08,46877,47081,46752,46867,47227
2025-10-09,46879,46937,46507,46593,46942
2025-10-10,46623,46883,45369,45706,46045
2025-10-13,45774,46386,45757,46298,46640
2025-10-14,46291,46743,45662,46500,46836
2025-10-15,46486,46916,46236,46492,46830
2025-10-16,46515,46704,45983,46160,46495
2025-10-17,46144,46519,45609,46381,46717
2025-10-20,46459,46961,46316,46913,47252
2025-10-21,46939,47336,46812,47135,47480
2025-10-22,47116,47203,46645,46782,47124
2025-10-23,46725,46992,46598,46922,47267
2025-10-24,46898,47508,46876,47396,47742
2025-10-27,47670,47773,47547,47712,48067
2025-10-28,47748,48118,47684,47895,48255
2025-10-29,47910,48213,47612,47797,48166
2025-10-30,47691,48180,47548,47677,48049
2025-10-31,47792,47861,47488,47722,48093
2025-11-03,47744,47869,47264,47473,47841
2025-11-04,47465,47473,46976,47214,47577
2025-11-05,47298,47582,47071,47436,47806
2025-11-06,47466,47496,46894,47028,47389
2025-11-07,47089,47174,46582,47085,47450
2025-11-10,47206,47511,47030,47462,47835
2025-11-11,47460,48082,47412,48030,48400
2025-11-12,48032,48528,48017,48368,48745
2025-11-13,48380,48503,47500,47547,47922
2025-11-14,47623,47645,46930,47229,47605
2025-11-17,47266,47367,46503,46665,47035
2025-11-18,46709,46757,45988,46184,46548
2025-11-19,46158,46376,45972,46208,46570
2025-11-20,46227,46937,45788,45825,46184
2025-11-21,45835,46655,45773,46321,46673
2025-11-24,46477,46655,46164,46514,46867
2025-11-25,46531,47250,46401,47179,47532
2025-11-26,47190,47631,47172,47490,47847
2025-11-27,47508,47796,47441,47743,48105
2025-12-01,47739,47781,47319,47352,47706
2025-12-02,47344,47669,47267,47544,47898
2025-12-03,47556,48082,47426,47954,48305
2025-12-04,47999,48132,47758,47916,48267
2025-12-05,47894,48184,47818,48001,48357
2025-12-08,48006,48063,47662,47793,48147
2025-12-09,47790,48004,47573,47613,47974
2025-12-10,47580,48246,47504,48107,48470
2025-12-11,48151,48825,47861,48746,49123
2025-12-12,48780,48914,48355,48474,48860
2025-12-15,48520,48747,48305,48461,48838
2025-12-16,48832,48921,48313,48479,48813
2025-12-17,48477,48749,48206,48240,48565
2025-12-18,48281,48728,48147,48321,48640
2025-12-19,48250,48633,48127,48465,48775
2025-12-22,48594,48786,48458,48688,48984
2025-12-23,48688,48853,48532,48762,49064
2025-12-24,48753,49085,48680,49029,49337
2025-12-26,49028,49083,48871,48998,49298
2025-12-29,48998,49053,48665,48749,49046
2025-12-30,48761,48779,48570,48650,48946
2025-12-31,48692,48695,48295,48336,48638
2026-01-02,48360,48652,48089,48616,48918
2026-01-05,48651,49463,48557,49228,49533
2026-01-06,49221,49767,49095,49721,50032
2026-01-07,49752,49879,49177,49239,49548
2026-01-08,49247,49603,49002,49493,49806
2026-01-09,49574,49794,49407,49726,50040
2026-01-12,49721,49856,49213,49809,50122
2026-01-13,49762,49902,49273,49409,49734
2026-01-14,49387,49400,49058,49356,49675
2026-01-15,49303,49792,49253,49639,49966
2026-01-16,49646,49799,49423,49547,49882
2026-01-19,49414,49414,48611,48666,48972
2026-01-21,48730,49484,48488,49265,49590
2026-01-22,49296,49794,49255,49558,49899
2026-01-23,49511,49621,49120,49263,49593
2026-01-26,49042,49644,48838,49565,49901
2026-01-27,49383,49564,49008,49159,49494
2026-01-28,49150,49291,48978,49167,49511
2026-01-29,49135,49443,48721,49170,49505
2026-01-30,49142,49170,48571,49008,49338
2026-02-02,48865,49603,48505,49523,49853
2026-02-03,49484,49767,48934,49350,49676
2026-02-04,49377,49760,49215,49589,49915
2026-02-05,49542,49691,48845,48998,49324
2026-02-06,48878,50263,48702,50205,50533
2026-02-09,50212,50339,49909,50219,50548
2026-02-10,50215,50609,50105,50273,50607
2026-02-11,50283,50587,49978,50205,50541
2026-02-12,50224,50520,49492,49523,49856
2026-02-13,49523,49819,49154,49569,49896
2026-02-16,49537,49819,49240,49612,49938
2026-02-18,49609,49967,49490,49722,50047
2026-02-19,49706,49788,49258,49458,49785
2026-02-20,49470,49771,49203,49674,49996
2026-02-23,49647,49763,48776,48849,49159
2026-02-24,48888,49344,48778,49236,49554
2026-02-25,49238,49580,49127,49534,49858
2026-02-26,49466,49869,49265,49531,49851
2026-02-27,49354,49395,48700,49000,49318
2026-03-02,48515,49126,48168,48945,49261
2026-03-03,48910,48940,47682,48560,48864
2026-03-04,48460,48915,48266,48796,49112
2026-03-05,48796,48889,47611,47983,48292
2026-03-06,47930,48126,47024,47517,47817
2026-03-09,47242,47922,46333,47769,48072
2026-03-10,47737,48265,47475,47745,48050
2026-03-11,47749,47970,47212,47448,47750
2026-03-12,47380,47380,46703,46721,47014
2026-03-13,46769,47161,46459,46592,46886
2026-03-16,46406,47223,46339,46984,47289
2026-03-17,47244,47766,47008,47348,47653
2026-03-18,47305,47638,46374,46535,46815
2026-03-19,46439,46626,46035,46341,46623
2026-03-20,46405,46545,45662,45893,46178
2026-03-23,45619,47205,45453,46522,46801
2026-03-24,46513,46907,46022,46415,46702
2026-03-25,46703,47037,46479,46711,46992
2026-03-26,46650,46841,46172,46230,46511
2026-03-27,46329,46503,45271,45424,45699
2026-03-30,45249,45916,45051,45465,45740
2026-03-31,45435,46642,45285,46582,46851
2026-04-01,46532,47080,46492,46806,47080
2026-04-02,46814,46986,46076,46732,47005
2026-04-03,46725,46900,46584,46636,46871
2026-04-06,46576,47052,46363,46902,47173
2026-04-07,46945,47041,46424,46812,47087
2026-04-08,46831,48261,46829,48144,48432
2026-04-09,48098,48555,47900,48416,48705
2026-04-10,48416,48519,48072,48129,48422
2026-04-13,47900,48458,47534,48425,48716
2026-04-14,48449,48808,48344,48755,49052
2026-04-15,48770,48910,48482,48669,48964
2026-04-16,48706,48871,48529,48767,49059
2026-04-17,48805,49924,48800,49641,49942
2026-04-20,49348,49731,49087,49639,49942
2026-04-21,49695,50045,49229,49339,49640
2026-04-22,49489,49809,49417,49668,49974
2026-04-23,49480,49703,49037,49490,49795
2026-04-24,49400,49599,49239,49392,49694
2026-04-27,49389,49524,49189,49342,49642
2026-04-28,49351,49550,49230,49297,49598
2026-04-29,49348,49419,48792,49012,49309
2026-04-30,48815,49935,48607,49835,50142
2026-05-01,49907,50137,49563,49646,49952
2026-05-04,49701,49801,49020,49079,49379
2026-05-05,49095,49478,49060,49415,49717
2026-05-06,49393,50134,49340,50034,50340
2026-05-07,50000,50238,49583,49700,50004
2026-05-08,49613,49958,49585,49691,49993
2026-05-11,49684,49870,49472,49792,50101
2026-05-12,49784,49924,49396,49869,50173
2026-05-13,49859,49912,49535,49792,50101
2026-05-14,49890,50292,49861,50154,50464
2026-05-15,50136,50162,49435,49617,49924
2026-05-18,49488,49846,49152,49768,50076
2026-05-19,49749,49844,49325,49459,49769
2026-05-20,49405,50159,49294,50094,50410
2026-05-21,50048,50469,49773,50379,50701
2026-05-22,50409,50917,50408,50662,50990
2026-05-25,50761,51211,50420,50547,50883
2026-05-27,50528,50895,50501,50728,51067
2026-05-28,50790,50856,50386,50743,51092
2026-05-29,50775,51141,50701,51077,51422
2026-06-01,51121,51385,50824,51134,51482
2026-06-02,51095,51443,50842,51400,51750
2026-06-03,51416,51420,50733,50803,51156
2026-06-04,50754,51752,50752,51671,52034
2026-06-05,51673,51845,50736,50936,51294
2026-06-08,50807,51332,50623,50856,51211
2026-06-09,50828,51316,50262,50909,51271
2026-06-10,50860,50908,49867,49990,50347
2026-06-11,49921,51018,49756,50875,51247
2026-06-12,50919,51444,50772,51227,51605
2026-06-15,51743,52381,51721,52129,52512
2026-06-16,52135,52639,52078,52470,52864
2026-06-17,52456,52739,51839,51944,52352
2026-06-18,52093,52379,51965,52008,52428
2026-06-19,52053,52306,51710,52119,52539
2026-06-23,52169,52282,51692,52082,52501
2026-06-24,52120,52675,51934,52279,52700
2026-06-25,52395,53093,52218,52339,52760
2026-06-26,52437,52543,52008,52209,52622
2026-06-29,52189,52696,52164,52572,52992
2026-06-30,52531,52764,52383,52670,53094
2026-07-01,52603,53111,52381,52668,53091
2026-07-02,52614,53220,52550,53183,53604
2026-07-03,53185,53419,52962,53372,53792
2026-07-07,53406,53659,53079,53197,53615
2026-07-08,53172,53209,52343,52624,53043
2026-07-09,52554,52866,52502,52761,53179
2026-07-10,52800,52992,52501,52906,53322
2026-07-13,52848,53114,52602,52764,53182
2026-07-14,52732,52981,52255,52791,53206
2026-07-15,52791,53087,52679,52900,53309
2026-07-16,52884,53108,52610,52786,53196
2026-07-17,52759,52834,52171,52375,52781
2026-07-20,52299,52635,51998,52073,52482
2026-07-21,52112,52591,52035,52443,52852
2026-07-22,52432,52721,52262,52449,52865
2026-07-23,52451,52513,51731,51894,52308
2026-07-24,51931,52316,51854,52124,52531
2026-07-27,52294,52791,52173,52382,52792
2026-07-28,52405,53106,52289,52944,53360
2026-07-29,52906,53035,51630,51765,52165
2026-07-30,51758,52486,51734,52380,52786
2026-07-31,52390,52772,52122,52635,53042
2026-08-03,52740,53416,52740,53334,53743
2026-08-04,53394,54422,53301,54268,54687
2026-08-05,54352,54885,54343,54494,54912
2026-08-06,54540,54678,53954,54013,54426
2026-08-07,54007,54203,53882,54152,54562
2026-08-10,54112,54171,53950,54063,54481
2026-08-11,54069,54336,53854,53880,54296
2026-08-12,53909,54087,53832,53871,54283
2026-08-13,53862,54162,53712,53935,54344
2026-08-14,53963,54000,53745,53807,54214
2026-08-17,53785,53833,53465,53544,53951
2026-08-18,53527,53588,53311,53403,53811
2026-08-19,53403,53781,53337,53530,53935
2026-08-20,53527,53590,52812,52849,53251
2026-08-21,52852,53417,52837,53353,53762
2026-08-24,53336,53569,53209,53489,53893
2026-08-25,53526,53797,53423,53645,54053
2026-08-26,53645,53774,53435,53521,53931
2026-08-27,53736,53814,53368,53621,54031
2026-08-28,53625,53860,53512,53584,53997
2026-08-31,53658,53677,53147,53240,53655
2026-09-01,53250,53343,52746,52828,53238
2026-09-02,52880,53283,52720,53121,53532
2026-09-03,53139,53826,53097,53745,54159
2026-09-04,53724,53773,53236,53440,53857
2026-09-07,53257,53338,52758,52832,53243
2026-09-09,52828,52860,52337,52425,52829
2026-09-10,52473,52676,51992,52095,52498
2026-09-11,52095,52742,52055,52585,53002
2026-09-14,52379,52672,52235,52440,52861
2026-09-15,52897,52898,52319,52526,53025
2026-09-16,52564,52709,51608,51915,52411
2026-09-17,51902,52579,51860,52220,52713
2026-09-18,52195,52382,51887,52079,52553
2026-09-21,52085,52558,52076,52475,52967
2026-09-22,52456,52844,52124,52279,52774
2026-09-23,52255,52370,51844,51873,52371
2026-09-24,51865,51905,51478,51717,52211
2026-09-25,51667,52223,51613,52163,52665
2026-09-28,52141,52154,51743,51837,52342
2026-09-29,51843,52002,51463,51702,52204
